"scenario","strategy","repeat","writers","readers","operation","kind","statement","message","count"
"deferred","pooled","1","8","0","write","sqlite","UPDATE counters SET value = ? WHERE id = 1","Database busy","78"
"deferred","pooled","2","8","0","write","sqlite","UPDATE counters SET value = ? WHERE id = 1","Database busy","76"
"deferred","pooled","1","8","4","write","sqlite","UPDATE counters SET value = ? WHERE id = 1","Database busy","72"
"deferred","pooled","2","8","4","write","sqlite","UPDATE counters SET value = ? WHERE id = 1","Database busy","73"
"deferred","pooled","1","32","0","write","sqlite","UPDATE counters SET value = ? WHERE id = 1","Database busy","313"
"deferred","pooled","2","32","0","write","sqlite","UPDATE counters SET value = ? WHERE id = 1","Database busy","318"
"deferred","pooled","1","32","4","write","sqlite","UPDATE counters SET value = ? WHERE id = 1","Database busy","309"
"deferred","pooled","2","32","4","write","sqlite","UPDATE counters SET value = ? WHERE id = 1","Database busy","307"
"snapshot_window","pooled","1","8","0","write","sqlite","UPDATE counters SET value = ? WHERE id = 1","Database busy","80"
"snapshot_window","pooled","2","8","0","write","sqlite","UPDATE counters SET value = ? WHERE id = 1","Database busy","81"
"snapshot_window","pooled","1","8","4","write","sqlite","UPDATE counters SET value = ? WHERE id = 1","Database busy","77"
"snapshot_window","pooled","2","8","4","write","sqlite","UPDATE counters SET value = ? WHERE id = 1","Database busy","76"
"snapshot_window","pooled","1","32","0","write","sqlite","UPDATE counters SET value = ? WHERE id = 1","Database busy","308"
"snapshot_window","single","1","32","0","write","pool","","[] connection not available and request was dropped from queue after 102ms. This means requests are coming in and your connection pool cannot serve them fast enough. You can address this by:

  1. Ensuring your database is available and that you can connect to it
  2. Tracking down slow queries and making sure they are running fast enough
  3. Increasing the pool_size (although this increases resource consumption)
  4. Allowing requests to wait longer by increasing :queue_target and :queue_interval

See DBConnection.start_link/2 for more information
","16"
"snapshot_window","single","1","32","0","write","pool","","[] connection not available and request was dropped from queue after 108ms. This means requests are coming in and your connection pool cannot serve them fast enough. You can address this by:

  1. Ensuring your database is available and that you can connect to it
  2. Tracking down slow queries and making sure they are running fast enough
  3. Increasing the pool_size (although this increases resource consumption)
  4. Allowing requests to wait longer by increasing :queue_target and :queue_interval

See DBConnection.start_link/2 for more information
","1"
"snapshot_window","single","1","32","0","write","pool","","[] connection not available and request was dropped from queue after 114ms. This means requests are coming in and your connection pool cannot serve them fast enough. You can address this by:

  1. Ensuring your database is available and that you can connect to it
  2. Tracking down slow queries and making sure they are running fast enough
  3. Increasing the pool_size (although this increases resource consumption)
  4. Allowing requests to wait longer by increasing :queue_target and :queue_interval

See DBConnection.start_link/2 for more information
","1"
"snapshot_window","single","1","32","0","write","pool","","[] connection not available and request was dropped from queue after 120ms. This means requests are coming in and your connection pool cannot serve them fast enough. You can address this by:

  1. Ensuring your database is available and that you can connect to it
  2. Tracking down slow queries and making sure they are running fast enough
  3. Increasing the pool_size (although this increases resource consumption)
  4. Allowing requests to wait longer by increasing :queue_target and :queue_interval

See DBConnection.start_link/2 for more information
","1"
"snapshot_window","single","1","32","0","write","pool","","[] connection not available and request was dropped from queue after 126ms. This means requests are coming in and your connection pool cannot serve them fast enough. You can address this by:

  1. Ensuring your database is available and that you can connect to it
  2. Tracking down slow queries and making sure they are running fast enough
  3. Increasing the pool_size (although this increases resource consumption)
  4. Allowing requests to wait longer by increasing :queue_target and :queue_interval

See DBConnection.start_link/2 for more information
","1"
"snapshot_window","single","1","32","0","write","pool","","[] connection not available and request was dropped from queue after 132ms. This means requests are coming in and your connection pool cannot serve them fast enough. You can address this by:

  1. Ensuring your database is available and that you can connect to it
  2. Tracking down slow queries and making sure they are running fast enough
  3. Increasing the pool_size (although this increases resource consumption)
  4. Allowing requests to wait longer by increasing :queue_target and :queue_interval

See DBConnection.start_link/2 for more information
","1"
"snapshot_window","single","1","32","0","write","pool","","[] connection not available and request was dropped from queue after 138ms. This means requests are coming in and your connection pool cannot serve them fast enough. You can address this by:

  1. Ensuring your database is available and that you can connect to it
  2. Tracking down slow queries and making sure they are running fast enough
  3. Increasing the pool_size (although this increases resource consumption)
  4. Allowing requests to wait longer by increasing :queue_target and :queue_interval

See DBConnection.start_link/2 for more information
","1"
"snapshot_window","single","1","32","0","write","pool","","[] connection not available and request was dropped from queue after 144ms. This means requests are coming in and your connection pool cannot serve them fast enough. You can address this by:

  1. Ensuring your database is available and that you can connect to it
  2. Tracking down slow queries and making sure they are running fast enough
  3. Increasing the pool_size (although this increases resource consumption)
  4. Allowing requests to wait longer by increasing :queue_target and :queue_interval

See DBConnection.start_link/2 for more information
","1"
"snapshot_window","single","1","32","0","write","pool","","[] connection not available and request was dropped from queue after 150ms. This means requests are coming in and your connection pool cannot serve them fast enough. You can address this by:

  1. Ensuring your database is available and that you can connect to it
  2. Tracking down slow queries and making sure they are running fast enough
  3. Increasing the pool_size (although this increases resource consumption)
  4. Allowing requests to wait longer by increasing :queue_target and :queue_interval

See DBConnection.start_link/2 for more information
","1"
"snapshot_window","single","1","32","0","write","pool","","[] connection not available and request was dropped from queue after 156ms. This means requests are coming in and your connection pool cannot serve them fast enough. You can address this by:

  1. Ensuring your database is available and that you can connect to it
  2. Tracking down slow queries and making sure they are running fast enough
  3. Increasing the pool_size (although this increases resource consumption)
  4. Allowing requests to wait longer by increasing :queue_target and :queue_interval

See DBConnection.start_link/2 for more information
","1"
"snapshot_window","single","1","32","0","write","pool","","[] connection not available and request was dropped from queue after 162ms. This means requests are coming in and your connection pool cannot serve them fast enough. You can address this by:

  1. Ensuring your database is available and that you can connect to it
  2. Tracking down slow queries and making sure they are running fast enough
  3. Increasing the pool_size (although this increases resource consumption)
  4. Allowing requests to wait longer by increasing :queue_target and :queue_interval

See DBConnection.start_link/2 for more information
","1"
"snapshot_window","single","1","32","0","write","pool","","[] connection not available and request was dropped from queue after 168ms. This means requests are coming in and your connection pool cannot serve them fast enough. You can address this by:

  1. Ensuring your database is available and that you can connect to it
  2. Tracking down slow queries and making sure they are running fast enough
  3. Increasing the pool_size (although this increases resource consumption)
  4. Allowing requests to wait longer by increasing :queue_target and :queue_interval

See DBConnection.start_link/2 for more information
","1"
"snapshot_window","single","1","32","0","write","pool","","[] connection not available and request was dropped from queue after 174ms. This means requests are coming in and your connection pool cannot serve them fast enough. You can address this by:

  1. Ensuring your database is available and that you can connect to it
  2. Tracking down slow queries and making sure they are running fast enough
  3. Increasing the pool_size (although this increases resource consumption)
  4. Allowing requests to wait longer by increasing :queue_target and :queue_interval

See DBConnection.start_link/2 for more information
","1"
"snapshot_window","single","1","32","0","write","pool","","[] connection not available and request was dropped from queue after 180ms. This means requests are coming in and your connection pool cannot serve them fast enough. You can address this by:

  1. Ensuring your database is available and that you can connect to it
  2. Tracking down slow queries and making sure they are running fast enough
  3. Increasing the pool_size (although this increases resource consumption)
  4. Allowing requests to wait longer by increasing :queue_target and :queue_interval

See DBConnection.start_link/2 for more information
","1"
"snapshot_window","single","1","32","0","write","pool","","[] connection not available and request was dropped from queue after 186ms. This means requests are coming in and your connection pool cannot serve them fast enough. You can address this by:

  1. Ensuring your database is available and that you can connect to it
  2. Tracking down slow queries and making sure they are running fast enough
  3. Increasing the pool_size (although this increases resource consumption)
  4. Allowing requests to wait longer by increasing :queue_target and :queue_interval

See DBConnection.start_link/2 for more information
","1"
"snapshot_window","single","2","32","0","write","pool","","[] connection not available and request was dropped from queue after 102ms. This means requests are coming in and your connection pool cannot serve them fast enough. You can address this by:

  1. Ensuring your database is available and that you can connect to it
  2. Tracking down slow queries and making sure they are running fast enough
  3. Increasing the pool_size (although this increases resource consumption)
  4. Allowing requests to wait longer by increasing :queue_target and :queue_interval

See DBConnection.start_link/2 for more information
","15"
"snapshot_window","single","2","32","0","write","pool","","[] connection not available and request was dropped from queue after 106ms. This means requests are coming in and your connection pool cannot serve them fast enough. You can address this by:

  1. Ensuring your database is available and that you can connect to it
  2. Tracking down slow queries and making sure they are running fast enough
  3. Increasing the pool_size (although this increases resource consumption)
  4. Allowing requests to wait longer by increasing :queue_target and :queue_interval

See DBConnection.start_link/2 for more information
","1"
"snapshot_window","single","2","32","0","write","pool","","[] connection not available and request was dropped from queue after 112ms. This means requests are coming in and your connection pool cannot serve them fast enough. You can address this by:

  1. Ensuring your database is available and that you can connect to it
  2. Tracking down slow queries and making sure they are running fast enough
  3. Increasing the pool_size (although this increases resource consumption)
  4. Allowing requests to wait longer by increasing :queue_target and :queue_interval

See DBConnection.start_link/2 for more information
","1"
"snapshot_window","single","2","32","0","write","pool","","[] connection not available and request was dropped from queue after 118ms. This means requests are coming in and your connection pool cannot serve them fast enough. You can address this by:

  1. Ensuring your database is available and that you can connect to it
  2. Tracking down slow queries and making sure they are running fast enough
  3. Increasing the pool_size (although this increases resource consumption)
  4. Allowing requests to wait longer by increasing :queue_target and :queue_interval

See DBConnection.start_link/2 for more information
","1"
"snapshot_window","single","2","32","0","write","pool","","[] connection not available and request was dropped from queue after 124ms. This means requests are coming in and your connection pool cannot serve them fast enough. You can address this by:

  1. Ensuring your database is available and that you can connect to it
  2. Tracking down slow queries and making sure they are running fast enough
  3. Increasing the pool_size (although this increases resource consumption)
  4. Allowing requests to wait longer by increasing :queue_target and :queue_interval

See DBConnection.start_link/2 for more information
","1"
"snapshot_window","single","2","32","0","write","pool","","[] connection not available and request was dropped from queue after 130ms. This means requests are coming in and your connection pool cannot serve them fast enough. You can address this by:

  1. Ensuring your database is available and that you can connect to it
  2. Tracking down slow queries and making sure they are running fast enough
  3. Increasing the pool_size (although this increases resource consumption)
  4. Allowing requests to wait longer by increasing :queue_target and :queue_interval

See DBConnection.start_link/2 for more information
","1"
"snapshot_window","single","2","32","0","write","pool","","[] connection not available and request was dropped from queue after 136ms. This means requests are coming in and your connection pool cannot serve them fast enough. You can address this by:

  1. Ensuring your database is available and that you can connect to it
  2. Tracking down slow queries and making sure they are running fast enough
  3. Increasing the pool_size (although this increases resource consumption)
  4. Allowing requests to wait longer by increasing :queue_target and :queue_interval

See DBConnection.start_link/2 for more information
","1"
"snapshot_window","single","2","32","0","write","pool","","[] connection not available and request was dropped from queue after 142ms. This means requests are coming in and your connection pool cannot serve them fast enough. You can address this by:

  1. Ensuring your database is available and that you can connect to it
  2. Tracking down slow queries and making sure they are running fast enough
  3. Increasing the pool_size (although this increases resource consumption)
  4. Allowing requests to wait longer by increasing :queue_target and :queue_interval

See DBConnection.start_link/2 for more information
","1"
"snapshot_window","single","2","32","0","write","pool","","[] connection not available and request was dropped from queue after 148ms. This means requests are coming in and your connection pool cannot serve them fast enough. You can address this by:

  1. Ensuring your database is available and that you can connect to it
  2. Tracking down slow queries and making sure they are running fast enough
  3. Increasing the pool_size (although this increases resource consumption)
  4. Allowing requests to wait longer by increasing :queue_target and :queue_interval

See DBConnection.start_link/2 for more information
","1"
"snapshot_window","single","2","32","0","write","pool","","[] connection not available and request was dropped from queue after 154ms. This means requests are coming in and your connection pool cannot serve them fast enough. You can address this by:

  1. Ensuring your database is available and that you can connect to it
  2. Tracking down slow queries and making sure they are running fast enough
  3. Increasing the pool_size (although this increases resource consumption)
  4. Allowing requests to wait longer by increasing :queue_target and :queue_interval

See DBConnection.start_link/2 for more information
","1"
"snapshot_window","single","2","32","0","write","pool","","[] connection not available and request was dropped from queue after 160ms. This means requests are coming in and your connection pool cannot serve them fast enough. You can address this by:

  1. Ensuring your database is available and that you can connect to it
  2. Tracking down slow queries and making sure they are running fast enough
  3. Increasing the pool_size (although this increases resource consumption)
  4. Allowing requests to wait longer by increasing :queue_target and :queue_interval

See DBConnection.start_link/2 for more information
","1"
"snapshot_window","single","2","32","0","write","pool","","[] connection not available and request was dropped from queue after 166ms. This means requests are coming in and your connection pool cannot serve them fast enough. You can address this by:

  1. Ensuring your database is available and that you can connect to it
  2. Tracking down slow queries and making sure they are running fast enough
  3. Increasing the pool_size (although this increases resource consumption)
  4. Allowing requests to wait longer by increasing :queue_target and :queue_interval

See DBConnection.start_link/2 for more information
","1"
"snapshot_window","single","2","32","0","write","pool","","[] connection not available and request was dropped from queue after 172ms. This means requests are coming in and your connection pool cannot serve them fast enough. You can address this by:

  1. Ensuring your database is available and that you can connect to it
  2. Tracking down slow queries and making sure they are running fast enough
  3. Increasing the pool_size (although this increases resource consumption)
  4. Allowing requests to wait longer by increasing :queue_target and :queue_interval

See DBConnection.start_link/2 for more information
","1"
"snapshot_window","single","2","32","0","write","pool","","[] connection not available and request was dropped from queue after 178ms. This means requests are coming in and your connection pool cannot serve them fast enough. You can address this by:

  1. Ensuring your database is available and that you can connect to it
  2. Tracking down slow queries and making sure they are running fast enough
  3. Increasing the pool_size (although this increases resource consumption)
  4. Allowing requests to wait longer by increasing :queue_target and :queue_interval

See DBConnection.start_link/2 for more information
","1"
"snapshot_window","single","2","32","0","write","pool","","[] connection not available and request was dropped from queue after 185ms. This means requests are coming in and your connection pool cannot serve them fast enough. You can address this by:

  1. Ensuring your database is available and that you can connect to it
  2. Tracking down slow queries and making sure they are running fast enough
  3. Increasing the pool_size (although this increases resource consumption)
  4. Allowing requests to wait longer by increasing :queue_target and :queue_interval

See DBConnection.start_link/2 for more information
","1"
"snapshot_window","single","2","32","0","write","pool","","[] connection not available and request was dropped from queue after 191ms. This means requests are coming in and your connection pool cannot serve them fast enough. You can address this by:

  1. Ensuring your database is available and that you can connect to it
  2. Tracking down slow queries and making sure they are running fast enough
  3. Increasing the pool_size (although this increases resource consumption)
  4. Allowing requests to wait longer by increasing :queue_target and :queue_interval

See DBConnection.start_link/2 for more information
","1"
"snapshot_window","pooled","2","32","0","write","sqlite","UPDATE counters SET value = ? WHERE id = 1","Database busy","308"
"snapshot_window","pooled","1","32","4","write","sqlite","UPDATE counters SET value = ? WHERE id = 1","Database busy","309"
"snapshot_window","single","1","32","4","write","pool","","[] connection not available and request was dropped from queue after 102ms. This means requests are coming in and your connection pool cannot serve them fast enough. You can address this by:

  1. Ensuring your database is available and that you can connect to it
  2. Tracking down slow queries and making sure they are running fast enough
  3. Increasing the pool_size (although this increases resource consumption)
  4. Allowing requests to wait longer by increasing :queue_target and :queue_interval

See DBConnection.start_link/2 for more information
","1"
"snapshot_window","single","1","32","4","write","pool","","[] connection not available and request was dropped from queue after 103ms. This means requests are coming in and your connection pool cannot serve them fast enough. You can address this by:

  1. Ensuring your database is available and that you can connect to it
  2. Tracking down slow queries and making sure they are running fast enough
  3. Increasing the pool_size (although this increases resource consumption)
  4. Allowing requests to wait longer by increasing :queue_target and :queue_interval

See DBConnection.start_link/2 for more information
","1"
"snapshot_window","single","1","32","4","write","pool","","[] connection not available and request was dropped from queue after 105ms. This means requests are coming in and your connection pool cannot serve them fast enough. You can address this by:

  1. Ensuring your database is available and that you can connect to it
  2. Tracking down slow queries and making sure they are running fast enough
  3. Increasing the pool_size (although this increases resource consumption)
  4. Allowing requests to wait longer by increasing :queue_target and :queue_interval

See DBConnection.start_link/2 for more information
","15"
"snapshot_window","single","1","32","4","write","pool","","[] connection not available and request was dropped from queue after 109ms. This means requests are coming in and your connection pool cannot serve them fast enough. You can address this by:

  1. Ensuring your database is available and that you can connect to it
  2. Tracking down slow queries and making sure they are running fast enough
  3. Increasing the pool_size (although this increases resource consumption)
  4. Allowing requests to wait longer by increasing :queue_target and :queue_interval

See DBConnection.start_link/2 for more information
","1"
"snapshot_window","single","1","32","4","write","pool","","[] connection not available and request was dropped from queue after 115ms. This means requests are coming in and your connection pool cannot serve them fast enough. You can address this by:

  1. Ensuring your database is available and that you can connect to it
  2. Tracking down slow queries and making sure they are running fast enough
  3. Increasing the pool_size (although this increases resource consumption)
  4. Allowing requests to wait longer by increasing :queue_target and :queue_interval

See DBConnection.start_link/2 for more information
","1"
"snapshot_window","single","1","32","4","write","pool","","[] connection not available and request was dropped from queue after 121ms. This means requests are coming in and your connection pool cannot serve them fast enough. You can address this by:

  1. Ensuring your database is available and that you can connect to it
  2. Tracking down slow queries and making sure they are running fast enough
  3. Increasing the pool_size (although this increases resource consumption)
  4. Allowing requests to wait longer by increasing :queue_target and :queue_interval

See DBConnection.start_link/2 for more information
","1"
"snapshot_window","single","1","32","4","write","pool","","[] connection not available and request was dropped from queue after 127ms. This means requests are coming in and your connection pool cannot serve them fast enough. You can address this by:

  1. Ensuring your database is available and that you can connect to it
  2. Tracking down slow queries and making sure they are running fast enough
  3. Increasing the pool_size (although this increases resource consumption)
  4. Allowing requests to wait longer by increasing :queue_target and :queue_interval

See DBConnection.start_link/2 for more information
","1"
"snapshot_window","single","1","32","4","write","pool","","[] connection not available and request was dropped from queue after 133ms. This means requests are coming in and your connection pool cannot serve them fast enough. You can address this by:

  1. Ensuring your database is available and that you can connect to it
  2. Tracking down slow queries and making sure they are running fast enough
  3. Increasing the pool_size (although this increases resource consumption)
  4. Allowing requests to wait longer by increasing :queue_target and :queue_interval

See DBConnection.start_link/2 for more information
","1"
"snapshot_window","single","1","32","4","write","pool","","[] connection not available and request was dropped from queue after 139ms. This means requests are coming in and your connection pool cannot serve them fast enough. You can address this by:

  1. Ensuring your database is available and that you can connect to it
  2. Tracking down slow queries and making sure they are running fast enough
  3. Increasing the pool_size (although this increases resource consumption)
  4. Allowing requests to wait longer by increasing :queue_target and :queue_interval

See DBConnection.start_link/2 for more information
","1"
"snapshot_window","single","1","32","4","write","pool","","[] connection not available and request was dropped from queue after 145ms. This means requests are coming in and your connection pool cannot serve them fast enough. You can address this by:

  1. Ensuring your database is available and that you can connect to it
  2. Tracking down slow queries and making sure they are running fast enough
  3. Increasing the pool_size (although this increases resource consumption)
  4. Allowing requests to wait longer by increasing :queue_target and :queue_interval

See DBConnection.start_link/2 for more information
","1"
"snapshot_window","single","1","32","4","write","pool","","[] connection not available and request was dropped from queue after 151ms. This means requests are coming in and your connection pool cannot serve them fast enough. You can address this by:

  1. Ensuring your database is available and that you can connect to it
  2. Tracking down slow queries and making sure they are running fast enough
  3. Increasing the pool_size (although this increases resource consumption)
  4. Allowing requests to wait longer by increasing :queue_target and :queue_interval

See DBConnection.start_link/2 for more information
","1"
"snapshot_window","single","1","32","4","write","pool","","[] connection not available and request was dropped from queue after 157ms. This means requests are coming in and your connection pool cannot serve them fast enough. You can address this by:

  1. Ensuring your database is available and that you can connect to it
  2. Tracking down slow queries and making sure they are running fast enough
  3. Increasing the pool_size (although this increases resource consumption)
  4. Allowing requests to wait longer by increasing :queue_target and :queue_interval

See DBConnection.start_link/2 for more information
","1"
"snapshot_window","single","1","32","4","write","pool","","[] connection not available and request was dropped from queue after 163ms. This means requests are coming in and your connection pool cannot serve them fast enough. You can address this by:

  1. Ensuring your database is available and that you can connect to it
  2. Tracking down slow queries and making sure they are running fast enough
  3. Increasing the pool_size (although this increases resource consumption)
  4. Allowing requests to wait longer by increasing :queue_target and :queue_interval

See DBConnection.start_link/2 for more information
","1"
"snapshot_window","single","1","32","4","write","pool","","[] connection not available and request was dropped from queue after 169ms. This means requests are coming in and your connection pool cannot serve them fast enough. You can address this by:

  1. Ensuring your database is available and that you can connect to it
  2. Tracking down slow queries and making sure they are running fast enough
  3. Increasing the pool_size (although this increases resource consumption)
  4. Allowing requests to wait longer by increasing :queue_target and :queue_interval

See DBConnection.start_link/2 for more information
","1"
"snapshot_window","single","1","32","4","write","pool","","[] connection not available and request was dropped from queue after 175ms. This means requests are coming in and your connection pool cannot serve them fast enough. You can address this by:

  1. Ensuring your database is available and that you can connect to it
  2. Tracking down slow queries and making sure they are running fast enough
  3. Increasing the pool_size (although this increases resource consumption)
  4. Allowing requests to wait longer by increasing :queue_target and :queue_interval

See DBConnection.start_link/2 for more information
","1"
"snapshot_window","single","1","32","4","write","pool","","[] connection not available and request was dropped from queue after 181ms. This means requests are coming in and your connection pool cannot serve them fast enough. You can address this by:

  1. Ensuring your database is available and that you can connect to it
  2. Tracking down slow queries and making sure they are running fast enough
  3. Increasing the pool_size (although this increases resource consumption)
  4. Allowing requests to wait longer by increasing :queue_target and :queue_interval

See DBConnection.start_link/2 for more information
","1"
"snapshot_window","single","1","32","4","write","pool","","[] connection not available and request was dropped from queue after 187ms. This means requests are coming in and your connection pool cannot serve them fast enough. You can address this by:

  1. Ensuring your database is available and that you can connect to it
  2. Tracking down slow queries and making sure they are running fast enough
  3. Increasing the pool_size (although this increases resource consumption)
  4. Allowing requests to wait longer by increasing :queue_target and :queue_interval

See DBConnection.start_link/2 for more information
","1"
"snapshot_window","single","1","32","4","read","pool","","[] connection not available and request was dropped from queue after 102ms. This means requests are coming in and your connection pool cannot serve them fast enough. You can address this by:

  1. Ensuring your database is available and that you can connect to it
  2. Tracking down slow queries and making sure they are running fast enough
  3. Increasing the pool_size (although this increases resource consumption)
  4. Allowing requests to wait longer by increasing :queue_target and :queue_interval

See DBConnection.start_link/2 for more information
","3"
"snapshot_window","single","1","32","4","read","pool","","[] connection not available and request was dropped from queue after 103ms. This means requests are coming in and your connection pool cannot serve them fast enough. You can address this by:

  1. Ensuring your database is available and that you can connect to it
  2. Tracking down slow queries and making sure they are running fast enough
  3. Increasing the pool_size (although this increases resource consumption)
  4. Allowing requests to wait longer by increasing :queue_target and :queue_interval

See DBConnection.start_link/2 for more information
","4"
"snapshot_window","single","2","32","4","write","pool","","[] connection not available and request was dropped from queue after 102ms. This means requests are coming in and your connection pool cannot serve them fast enough. You can address this by:

  1. Ensuring your database is available and that you can connect to it
  2. Tracking down slow queries and making sure they are running fast enough
  3. Increasing the pool_size (although this increases resource consumption)
  4. Allowing requests to wait longer by increasing :queue_target and :queue_interval

See DBConnection.start_link/2 for more information
","1"
"snapshot_window","single","2","32","4","write","pool","","[] connection not available and request was dropped from queue after 106ms. This means requests are coming in and your connection pool cannot serve them fast enough. You can address this by:

  1. Ensuring your database is available and that you can connect to it
  2. Tracking down slow queries and making sure they are running fast enough
  3. Increasing the pool_size (although this increases resource consumption)
  4. Allowing requests to wait longer by increasing :queue_target and :queue_interval

See DBConnection.start_link/2 for more information
","15"
"snapshot_window","single","2","32","4","write","pool","","[] connection not available and request was dropped from queue after 108ms. This means requests are coming in and your connection pool cannot serve them fast enough. You can address this by:

  1. Ensuring your database is available and that you can connect to it
  2. Tracking down slow queries and making sure they are running fast enough
  3. Increasing the pool_size (although this increases resource consumption)
  4. Allowing requests to wait longer by increasing :queue_target and :queue_interval

See DBConnection.start_link/2 for more information
","1"
"snapshot_window","single","2","32","4","write","pool","","[] connection not available and request was dropped from queue after 114ms. This means requests are coming in and your connection pool cannot serve them fast enough. You can address this by:

  1. Ensuring your database is available and that you can connect to it
  2. Tracking down slow queries and making sure they are running fast enough
  3. Increasing the pool_size (although this increases resource consumption)
  4. Allowing requests to wait longer by increasing :queue_target and :queue_interval

See DBConnection.start_link/2 for more information
","1"
"snapshot_window","single","2","32","4","write","pool","","[] connection not available and request was dropped from queue after 120ms. This means requests are coming in and your connection pool cannot serve them fast enough. You can address this by:

  1. Ensuring your database is available and that you can connect to it
  2. Tracking down slow queries and making sure they are running fast enough
  3. Increasing the pool_size (although this increases resource consumption)
  4. Allowing requests to wait longer by increasing :queue_target and :queue_interval

See DBConnection.start_link/2 for more information
","1"
"snapshot_window","single","2","32","4","write","pool","","[] connection not available and request was dropped from queue after 126ms. This means requests are coming in and your connection pool cannot serve them fast enough. You can address this by:

  1. Ensuring your database is available and that you can connect to it
  2. Tracking down slow queries and making sure they are running fast enough
  3. Increasing the pool_size (although this increases resource consumption)
  4. Allowing requests to wait longer by increasing :queue_target and :queue_interval

See DBConnection.start_link/2 for more information
","1"
"snapshot_window","single","2","32","4","write","pool","","[] connection not available and request was dropped from queue after 133ms. This means requests are coming in and your connection pool cannot serve them fast enough. You can address this by:

  1. Ensuring your database is available and that you can connect to it
  2. Tracking down slow queries and making sure they are running fast enough
  3. Increasing the pool_size (although this increases resource consumption)
  4. Allowing requests to wait longer by increasing :queue_target and :queue_interval

See DBConnection.start_link/2 for more information
","1"
"snapshot_window","single","2","32","4","write","pool","","[] connection not available and request was dropped from queue after 139ms. This means requests are coming in and your connection pool cannot serve them fast enough. You can address this by:

  1. Ensuring your database is available and that you can connect to it
  2. Tracking down slow queries and making sure they are running fast enough
  3. Increasing the pool_size (although this increases resource consumption)
  4. Allowing requests to wait longer by increasing :queue_target and :queue_interval

See DBConnection.start_link/2 for more information
","1"
"snapshot_window","single","2","32","4","write","pool","","[] connection not available and request was dropped from queue after 145ms. This means requests are coming in and your connection pool cannot serve them fast enough. You can address this by:

  1. Ensuring your database is available and that you can connect to it
  2. Tracking down slow queries and making sure they are running fast enough
  3. Increasing the pool_size (although this increases resource consumption)
  4. Allowing requests to wait longer by increasing :queue_target and :queue_interval

See DBConnection.start_link/2 for more information
","1"
"snapshot_window","single","2","32","4","write","pool","","[] connection not available and request was dropped from queue after 151ms. This means requests are coming in and your connection pool cannot serve them fast enough. You can address this by:

  1. Ensuring your database is available and that you can connect to it
  2. Tracking down slow queries and making sure they are running fast enough
  3. Increasing the pool_size (although this increases resource consumption)
  4. Allowing requests to wait longer by increasing :queue_target and :queue_interval

See DBConnection.start_link/2 for more information
","1"
"snapshot_window","single","2","32","4","write","pool","","[] connection not available and request was dropped from queue after 157ms. This means requests are coming in and your connection pool cannot serve them fast enough. You can address this by:

  1. Ensuring your database is available and that you can connect to it
  2. Tracking down slow queries and making sure they are running fast enough
  3. Increasing the pool_size (although this increases resource consumption)
  4. Allowing requests to wait longer by increasing :queue_target and :queue_interval

See DBConnection.start_link/2 for more information
","1"
"snapshot_window","single","2","32","4","write","pool","","[] connection not available and request was dropped from queue after 164ms. This means requests are coming in and your connection pool cannot serve them fast enough. You can address this by:

  1. Ensuring your database is available and that you can connect to it
  2. Tracking down slow queries and making sure they are running fast enough
  3. Increasing the pool_size (although this increases resource consumption)
  4. Allowing requests to wait longer by increasing :queue_target and :queue_interval

See DBConnection.start_link/2 for more information
","1"
"snapshot_window","single","2","32","4","write","pool","","[] connection not available and request was dropped from queue after 170ms. This means requests are coming in and your connection pool cannot serve them fast enough. You can address this by:

  1. Ensuring your database is available and that you can connect to it
  2. Tracking down slow queries and making sure they are running fast enough
  3. Increasing the pool_size (although this increases resource consumption)
  4. Allowing requests to wait longer by increasing :queue_target and :queue_interval

See DBConnection.start_link/2 for more information
","1"
"snapshot_window","single","2","32","4","write","pool","","[] connection not available and request was dropped from queue after 176ms. This means requests are coming in and your connection pool cannot serve them fast enough. You can address this by:

  1. Ensuring your database is available and that you can connect to it
  2. Tracking down slow queries and making sure they are running fast enough
  3. Increasing the pool_size (although this increases resource consumption)
  4. Allowing requests to wait longer by increasing :queue_target and :queue_interval

See DBConnection.start_link/2 for more information
","1"
"snapshot_window","single","2","32","4","write","pool","","[] connection not available and request was dropped from queue after 184ms. This means requests are coming in and your connection pool cannot serve them fast enough. You can address this by:

  1. Ensuring your database is available and that you can connect to it
  2. Tracking down slow queries and making sure they are running fast enough
  3. Increasing the pool_size (although this increases resource consumption)
  4. Allowing requests to wait longer by increasing :queue_target and :queue_interval

See DBConnection.start_link/2 for more information
","1"
"snapshot_window","single","2","32","4","write","pool","","[] connection not available and request was dropped from queue after 190ms. This means requests are coming in and your connection pool cannot serve them fast enough. You can address this by:

  1. Ensuring your database is available and that you can connect to it
  2. Tracking down slow queries and making sure they are running fast enough
  3. Increasing the pool_size (although this increases resource consumption)
  4. Allowing requests to wait longer by increasing :queue_target and :queue_interval

See DBConnection.start_link/2 for more information
","1"
"snapshot_window","single","2","32","4","write","pool","","[] connection not available and request was dropped from queue after 196ms. This means requests are coming in and your connection pool cannot serve them fast enough. You can address this by:

  1. Ensuring your database is available and that you can connect to it
  2. Tracking down slow queries and making sure they are running fast enough
  3. Increasing the pool_size (although this increases resource consumption)
  4. Allowing requests to wait longer by increasing :queue_target and :queue_interval

See DBConnection.start_link/2 for more information
","1"
"snapshot_window","single","2","32","4","write","pool","","[] connection not available and request was dropped from queue after 202ms. This means requests are coming in and your connection pool cannot serve them fast enough. You can address this by:

  1. Ensuring your database is available and that you can connect to it
  2. Tracking down slow queries and making sure they are running fast enough
  3. Increasing the pool_size (although this increases resource consumption)
  4. Allowing requests to wait longer by increasing :queue_target and :queue_interval

See DBConnection.start_link/2 for more information
","1"
"snapshot_window","pooled","2","32","4","write","sqlite","UPDATE counters SET value = ? WHERE id = 1","Database busy","308"
"immediate_window","pooled","1","32","0","write","pool","","[] connection not available and request was dropped from queue after 147ms. This means requests are coming in and your connection pool cannot serve them fast enough. You can address this by:

  1. Ensuring your database is available and that you can connect to it
  2. Tracking down slow queries and making sure they are running fast enough
  3. Increasing the pool_size (although this increases resource consumption)
  4. Allowing requests to wait longer by increasing :queue_target and :queue_interval

See DBConnection.start_link/2 for more information
","1"
"immediate_window","pooled","1","32","0","write","pool","","[] connection not available and request was dropped from queue after 155ms. This means requests are coming in and your connection pool cannot serve them fast enough. You can address this by:

  1. Ensuring your database is available and that you can connect to it
  2. Tracking down slow queries and making sure they are running fast enough
  3. Increasing the pool_size (although this increases resource consumption)
  4. Allowing requests to wait longer by increasing :queue_target and :queue_interval

See DBConnection.start_link/2 for more information
","1"
"immediate_window","pooled","1","32","0","write","pool","","[] connection not available and request was dropped from queue after 161ms. This means requests are coming in and your connection pool cannot serve them fast enough. You can address this by:

  1. Ensuring your database is available and that you can connect to it
  2. Tracking down slow queries and making sure they are running fast enough
  3. Increasing the pool_size (although this increases resource consumption)
  4. Allowing requests to wait longer by increasing :queue_target and :queue_interval

See DBConnection.start_link/2 for more information
","1"
"immediate_window","pooled","1","32","0","write","pool","","[] connection not available and request was dropped from queue after 167ms. This means requests are coming in and your connection pool cannot serve them fast enough. You can address this by:

  1. Ensuring your database is available and that you can connect to it
  2. Tracking down slow queries and making sure they are running fast enough
  3. Increasing the pool_size (although this increases resource consumption)
  4. Allowing requests to wait longer by increasing :queue_target and :queue_interval

See DBConnection.start_link/2 for more information
","1"
"immediate_window","pooled","1","32","0","write","sqlite","BEGIN IMMEDIATE TRANSACTION","database is locked","3"
"immediate_window","single","1","32","0","write","pool","","[] connection not available and request was dropped from queue after 102ms. This means requests are coming in and your connection pool cannot serve them fast enough. You can address this by:

  1. Ensuring your database is available and that you can connect to it
  2. Tracking down slow queries and making sure they are running fast enough
  3. Increasing the pool_size (although this increases resource consumption)
  4. Allowing requests to wait longer by increasing :queue_target and :queue_interval

See DBConnection.start_link/2 for more information
","15"
"immediate_window","single","1","32","0","write","pool","","[] connection not available and request was dropped from queue after 104ms. This means requests are coming in and your connection pool cannot serve them fast enough. You can address this by:

  1. Ensuring your database is available and that you can connect to it
  2. Tracking down slow queries and making sure they are running fast enough
  3. Increasing the pool_size (although this increases resource consumption)
  4. Allowing requests to wait longer by increasing :queue_target and :queue_interval

See DBConnection.start_link/2 for more information
","1"
"immediate_window","single","1","32","0","write","pool","","[] connection not available and request was dropped from queue after 110ms. This means requests are coming in and your connection pool cannot serve them fast enough. You can address this by:

  1. Ensuring your database is available and that you can connect to it
  2. Tracking down slow queries and making sure they are running fast enough
  3. Increasing the pool_size (although this increases resource consumption)
  4. Allowing requests to wait longer by increasing :queue_target and :queue_interval

See DBConnection.start_link/2 for more information
","1"
"immediate_window","single","1","32","0","write","pool","","[] connection not available and request was dropped from queue after 116ms. This means requests are coming in and your connection pool cannot serve them fast enough. You can address this by:

  1. Ensuring your database is available and that you can connect to it
  2. Tracking down slow queries and making sure they are running fast enough
  3. Increasing the pool_size (although this increases resource consumption)
  4. Allowing requests to wait longer by increasing :queue_target and :queue_interval

See DBConnection.start_link/2 for more information
","1"
"immediate_window","single","1","32","0","write","pool","","[] connection not available and request was dropped from queue after 122ms. This means requests are coming in and your connection pool cannot serve them fast enough. You can address this by:

  1. Ensuring your database is available and that you can connect to it
  2. Tracking down slow queries and making sure they are running fast enough
  3. Increasing the pool_size (although this increases resource consumption)
  4. Allowing requests to wait longer by increasing :queue_target and :queue_interval

See DBConnection.start_link/2 for more information
","1"
"immediate_window","single","1","32","0","write","pool","","[] connection not available and request was dropped from queue after 128ms. This means requests are coming in and your connection pool cannot serve them fast enough. You can address this by:

  1. Ensuring your database is available and that you can connect to it
  2. Tracking down slow queries and making sure they are running fast enough
  3. Increasing the pool_size (although this increases resource consumption)
  4. Allowing requests to wait longer by increasing :queue_target and :queue_interval

See DBConnection.start_link/2 for more information
","1"
"immediate_window","single","1","32","0","write","pool","","[] connection not available and request was dropped from queue after 135ms. This means requests are coming in and your connection pool cannot serve them fast enough. You can address this by:

  1. Ensuring your database is available and that you can connect to it
  2. Tracking down slow queries and making sure they are running fast enough
  3. Increasing the pool_size (although this increases resource consumption)
  4. Allowing requests to wait longer by increasing :queue_target and :queue_interval

See DBConnection.start_link/2 for more information
","1"
"immediate_window","single","1","32","0","write","pool","","[] connection not available and request was dropped from queue after 141ms. This means requests are coming in and your connection pool cannot serve them fast enough. You can address this by:

  1. Ensuring your database is available and that you can connect to it
  2. Tracking down slow queries and making sure they are running fast enough
  3. Increasing the pool_size (although this increases resource consumption)
  4. Allowing requests to wait longer by increasing :queue_target and :queue_interval

See DBConnection.start_link/2 for more information
","1"
"immediate_window","single","1","32","0","write","pool","","[] connection not available and request was dropped from queue after 147ms. This means requests are coming in and your connection pool cannot serve them fast enough. You can address this by:

  1. Ensuring your database is available and that you can connect to it
  2. Tracking down slow queries and making sure they are running fast enough
  3. Increasing the pool_size (although this increases resource consumption)
  4. Allowing requests to wait longer by increasing :queue_target and :queue_interval

See DBConnection.start_link/2 for more information
","1"
"immediate_window","single","1","32","0","write","pool","","[] connection not available and request was dropped from queue after 153ms. This means requests are coming in and your connection pool cannot serve them fast enough. You can address this by:

  1. Ensuring your database is available and that you can connect to it
  2. Tracking down slow queries and making sure they are running fast enough
  3. Increasing the pool_size (although this increases resource consumption)
  4. Allowing requests to wait longer by increasing :queue_target and :queue_interval

See DBConnection.start_link/2 for more information
","1"
"immediate_window","single","1","32","0","write","pool","","[] connection not available and request was dropped from queue after 159ms. This means requests are coming in and your connection pool cannot serve them fast enough. You can address this by:

  1. Ensuring your database is available and that you can connect to it
  2. Tracking down slow queries and making sure they are running fast enough
  3. Increasing the pool_size (although this increases resource consumption)
  4. Allowing requests to wait longer by increasing :queue_target and :queue_interval

See DBConnection.start_link/2 for more information
","1"
"immediate_window","single","1","32","0","write","pool","","[] connection not available and request was dropped from queue after 165ms. This means requests are coming in and your connection pool cannot serve them fast enough. You can address this by:

  1. Ensuring your database is available and that you can connect to it
  2. Tracking down slow queries and making sure they are running fast enough
  3. Increasing the pool_size (although this increases resource consumption)
  4. Allowing requests to wait longer by increasing :queue_target and :queue_interval

See DBConnection.start_link/2 for more information
","1"
"immediate_window","single","1","32","0","write","pool","","[] connection not available and request was dropped from queue after 171ms. This means requests are coming in and your connection pool cannot serve them fast enough. You can address this by:

  1. Ensuring your database is available and that you can connect to it
  2. Tracking down slow queries and making sure they are running fast enough
  3. Increasing the pool_size (although this increases resource consumption)
  4. Allowing requests to wait longer by increasing :queue_target and :queue_interval

See DBConnection.start_link/2 for more information
","1"
"immediate_window","single","1","32","0","write","pool","","[] connection not available and request was dropped from queue after 177ms. This means requests are coming in and your connection pool cannot serve them fast enough. You can address this by:

  1. Ensuring your database is available and that you can connect to it
  2. Tracking down slow queries and making sure they are running fast enough
  3. Increasing the pool_size (although this increases resource consumption)
  4. Allowing requests to wait longer by increasing :queue_target and :queue_interval

See DBConnection.start_link/2 for more information
","1"
"immediate_window","single","1","32","0","write","pool","","[] connection not available and request was dropped from queue after 183ms. This means requests are coming in and your connection pool cannot serve them fast enough. You can address this by:

  1. Ensuring your database is available and that you can connect to it
  2. Tracking down slow queries and making sure they are running fast enough
  3. Increasing the pool_size (although this increases resource consumption)
  4. Allowing requests to wait longer by increasing :queue_target and :queue_interval

See DBConnection.start_link/2 for more information
","1"
"immediate_window","single","1","32","0","write","pool","","[] connection not available and request was dropped from queue after 189ms. This means requests are coming in and your connection pool cannot serve them fast enough. You can address this by:

  1. Ensuring your database is available and that you can connect to it
  2. Tracking down slow queries and making sure they are running fast enough
  3. Increasing the pool_size (although this increases resource consumption)
  4. Allowing requests to wait longer by increasing :queue_target and :queue_interval

See DBConnection.start_link/2 for more information
","1"
"immediate_window","single","2","32","0","write","pool","","[] connection not available and request was dropped from queue after 102ms. This means requests are coming in and your connection pool cannot serve them fast enough. You can address this by:

  1. Ensuring your database is available and that you can connect to it
  2. Tracking down slow queries and making sure they are running fast enough
  3. Increasing the pool_size (although this increases resource consumption)
  4. Allowing requests to wait longer by increasing :queue_target and :queue_interval

See DBConnection.start_link/2 for more information
","15"
"immediate_window","single","2","32","0","write","pool","","[] connection not available and request was dropped from queue after 103ms. This means requests are coming in and your connection pool cannot serve them fast enough. You can address this by:

  1. Ensuring your database is available and that you can connect to it
  2. Tracking down slow queries and making sure they are running fast enough
  3. Increasing the pool_size (although this increases resource consumption)
  4. Allowing requests to wait longer by increasing :queue_target and :queue_interval

See DBConnection.start_link/2 for more information
","1"
"immediate_window","single","2","32","0","write","pool","","[] connection not available and request was dropped from queue after 109ms. This means requests are coming in and your connection pool cannot serve them fast enough. You can address this by:

  1. Ensuring your database is available and that you can connect to it
  2. Tracking down slow queries and making sure they are running fast enough
  3. Increasing the pool_size (although this increases resource consumption)
  4. Allowing requests to wait longer by increasing :queue_target and :queue_interval

See DBConnection.start_link/2 for more information
","1"
"immediate_window","single","2","32","0","write","pool","","[] connection not available and request was dropped from queue after 115ms. This means requests are coming in and your connection pool cannot serve them fast enough. You can address this by:

  1. Ensuring your database is available and that you can connect to it
  2. Tracking down slow queries and making sure they are running fast enough
  3. Increasing the pool_size (although this increases resource consumption)
  4. Allowing requests to wait longer by increasing :queue_target and :queue_interval

See DBConnection.start_link/2 for more information
","1"
"immediate_window","single","2","32","0","write","pool","","[] connection not available and request was dropped from queue after 121ms. This means requests are coming in and your connection pool cannot serve them fast enough. You can address this by:

  1. Ensuring your database is available and that you can connect to it
  2. Tracking down slow queries and making sure they are running fast enough
  3. Increasing the pool_size (although this increases resource consumption)
  4. Allowing requests to wait longer by increasing :queue_target and :queue_interval

See DBConnection.start_link/2 for more information
","1"
"immediate_window","single","2","32","0","write","pool","","[] connection not available and request was dropped from queue after 127ms. This means requests are coming in and your connection pool cannot serve them fast enough. You can address this by:

  1. Ensuring your database is available and that you can connect to it
  2. Tracking down slow queries and making sure they are running fast enough
  3. Increasing the pool_size (although this increases resource consumption)
  4. Allowing requests to wait longer by increasing :queue_target and :queue_interval

See DBConnection.start_link/2 for more information
","1"
"immediate_window","single","2","32","0","write","pool","","[] connection not available and request was dropped from queue after 133ms. This means requests are coming in and your connection pool cannot serve them fast enough. You can address this by:

  1. Ensuring your database is available and that you can connect to it
  2. Tracking down slow queries and making sure they are running fast enough
  3. Increasing the pool_size (although this increases resource consumption)
  4. Allowing requests to wait longer by increasing :queue_target and :queue_interval

See DBConnection.start_link/2 for more information
","1"
"immediate_window","single","2","32","0","write","pool","","[] connection not available and request was dropped from queue after 140ms. This means requests are coming in and your connection pool cannot serve them fast enough. You can address this by:

  1. Ensuring your database is available and that you can connect to it
  2. Tracking down slow queries and making sure they are running fast enough
  3. Increasing the pool_size (although this increases resource consumption)
  4. Allowing requests to wait longer by increasing :queue_target and :queue_interval

See DBConnection.start_link/2 for more information
","1"
"immediate_window","single","2","32","0","write","pool","","[] connection not available and request was dropped from queue after 146ms. This means requests are coming in and your connection pool cannot serve them fast enough. You can address this by:

  1. Ensuring your database is available and that you can connect to it
  2. Tracking down slow queries and making sure they are running fast enough
  3. Increasing the pool_size (although this increases resource consumption)
  4. Allowing requests to wait longer by increasing :queue_target and :queue_interval

See DBConnection.start_link/2 for more information
","1"
"immediate_window","single","2","32","0","write","pool","","[] connection not available and request was dropped from queue after 152ms. This means requests are coming in and your connection pool cannot serve them fast enough. You can address this by:

  1. Ensuring your database is available and that you can connect to it
  2. Tracking down slow queries and making sure they are running fast enough
  3. Increasing the pool_size (although this increases resource consumption)
  4. Allowing requests to wait longer by increasing :queue_target and :queue_interval

See DBConnection.start_link/2 for more information
","1"
"immediate_window","single","2","32","0","write","pool","","[] connection not available and request was dropped from queue after 158ms. This means requests are coming in and your connection pool cannot serve them fast enough. You can address this by:

  1. Ensuring your database is available and that you can connect to it
  2. Tracking down slow queries and making sure they are running fast enough
  3. Increasing the pool_size (although this increases resource consumption)
  4. Allowing requests to wait longer by increasing :queue_target and :queue_interval

See DBConnection.start_link/2 for more information
","1"
"immediate_window","single","2","32","0","write","pool","","[] connection not available and request was dropped from queue after 164ms. This means requests are coming in and your connection pool cannot serve them fast enough. You can address this by:

  1. Ensuring your database is available and that you can connect to it
  2. Tracking down slow queries and making sure they are running fast enough
  3. Increasing the pool_size (although this increases resource consumption)
  4. Allowing requests to wait longer by increasing :queue_target and :queue_interval

See DBConnection.start_link/2 for more information
","1"
"immediate_window","single","2","32","0","write","pool","","[] connection not available and request was dropped from queue after 170ms. This means requests are coming in and your connection pool cannot serve them fast enough. You can address this by:

  1. Ensuring your database is available and that you can connect to it
  2. Tracking down slow queries and making sure they are running fast enough
  3. Increasing the pool_size (although this increases resource consumption)
  4. Allowing requests to wait longer by increasing :queue_target and :queue_interval

See DBConnection.start_link/2 for more information
","1"
"immediate_window","single","2","32","0","write","pool","","[] connection not available and request was dropped from queue after 176ms. This means requests are coming in and your connection pool cannot serve them fast enough. You can address this by:

  1. Ensuring your database is available and that you can connect to it
  2. Tracking down slow queries and making sure they are running fast enough
  3. Increasing the pool_size (although this increases resource consumption)
  4. Allowing requests to wait longer by increasing :queue_target and :queue_interval

See DBConnection.start_link/2 for more information
","1"
"immediate_window","single","2","32","0","write","pool","","[] connection not available and request was dropped from queue after 182ms. This means requests are coming in and your connection pool cannot serve them fast enough. You can address this by:

  1. Ensuring your database is available and that you can connect to it
  2. Tracking down slow queries and making sure they are running fast enough
  3. Increasing the pool_size (although this increases resource consumption)
  4. Allowing requests to wait longer by increasing :queue_target and :queue_interval

See DBConnection.start_link/2 for more information
","1"
"immediate_window","single","2","32","0","write","pool","","[] connection not available and request was dropped from queue after 188ms. This means requests are coming in and your connection pool cannot serve them fast enough. You can address this by:

  1. Ensuring your database is available and that you can connect to it
  2. Tracking down slow queries and making sure they are running fast enough
  3. Increasing the pool_size (although this increases resource consumption)
  4. Allowing requests to wait longer by increasing :queue_target and :queue_interval

See DBConnection.start_link/2 for more information
","1"
"immediate_window","pooled","2","32","0","write","pool","","[] connection not available and request was dropped from queue after 108ms. This means requests are coming in and your connection pool cannot serve them fast enough. You can address this by:

  1. Ensuring your database is available and that you can connect to it
  2. Tracking down slow queries and making sure they are running fast enough
  3. Increasing the pool_size (although this increases resource consumption)
  4. Allowing requests to wait longer by increasing :queue_target and :queue_interval

See DBConnection.start_link/2 for more information
","1"
"immediate_window","pooled","2","32","0","write","pool","","[] connection not available and request was dropped from queue after 114ms. This means requests are coming in and your connection pool cannot serve them fast enough. You can address this by:

  1. Ensuring your database is available and that you can connect to it
  2. Tracking down slow queries and making sure they are running fast enough
  3. Increasing the pool_size (although this increases resource consumption)
  4. Allowing requests to wait longer by increasing :queue_target and :queue_interval

See DBConnection.start_link/2 for more information
","1"
"immediate_window","pooled","2","32","0","write","pool","","[] connection not available and request was dropped from queue after 120ms. This means requests are coming in and your connection pool cannot serve them fast enough. You can address this by:

  1. Ensuring your database is available and that you can connect to it
  2. Tracking down slow queries and making sure they are running fast enough
  3. Increasing the pool_size (although this increases resource consumption)
  4. Allowing requests to wait longer by increasing :queue_target and :queue_interval

See DBConnection.start_link/2 for more information
","1"
"immediate_window","pooled","2","32","0","write","pool","","[] connection not available and request was dropped from queue after 126ms. This means requests are coming in and your connection pool cannot serve them fast enough. You can address this by:

  1. Ensuring your database is available and that you can connect to it
  2. Tracking down slow queries and making sure they are running fast enough
  3. Increasing the pool_size (although this increases resource consumption)
  4. Allowing requests to wait longer by increasing :queue_target and :queue_interval

See DBConnection.start_link/2 for more information
","1"
"immediate_window","pooled","2","32","0","write","pool","","[] connection not available and request was dropped from queue after 132ms. This means requests are coming in and your connection pool cannot serve them fast enough. You can address this by:

  1. Ensuring your database is available and that you can connect to it
  2. Tracking down slow queries and making sure they are running fast enough
  3. Increasing the pool_size (although this increases resource consumption)
  4. Allowing requests to wait longer by increasing :queue_target and :queue_interval

See DBConnection.start_link/2 for more information
","1"
"immediate_window","pooled","2","32","0","write","pool","","[] connection not available and request was dropped from queue after 138ms. This means requests are coming in and your connection pool cannot serve them fast enough. You can address this by:

  1. Ensuring your database is available and that you can connect to it
  2. Tracking down slow queries and making sure they are running fast enough
  3. Increasing the pool_size (although this increases resource consumption)
  4. Allowing requests to wait longer by increasing :queue_target and :queue_interval

See DBConnection.start_link/2 for more information
","1"
"immediate_window","pooled","2","32","0","write","pool","","[] connection not available and request was dropped from queue after 144ms. This means requests are coming in and your connection pool cannot serve them fast enough. You can address this by:

  1. Ensuring your database is available and that you can connect to it
  2. Tracking down slow queries and making sure they are running fast enough
  3. Increasing the pool_size (although this increases resource consumption)
  4. Allowing requests to wait longer by increasing :queue_target and :queue_interval

See DBConnection.start_link/2 for more information
","1"
"immediate_window","pooled","2","32","0","write","pool","","[] connection not available and request was dropped from queue after 150ms. This means requests are coming in and your connection pool cannot serve them fast enough. You can address this by:

  1. Ensuring your database is available and that you can connect to it
  2. Tracking down slow queries and making sure they are running fast enough
  3. Increasing the pool_size (although this increases resource consumption)
  4. Allowing requests to wait longer by increasing :queue_target and :queue_interval

See DBConnection.start_link/2 for more information
","1"
"immediate_window","pooled","2","32","0","write","pool","","[] connection not available and request was dropped from queue after 156ms. This means requests are coming in and your connection pool cannot serve them fast enough. You can address this by:

  1. Ensuring your database is available and that you can connect to it
  2. Tracking down slow queries and making sure they are running fast enough
  3. Increasing the pool_size (although this increases resource consumption)
  4. Allowing requests to wait longer by increasing :queue_target and :queue_interval

See DBConnection.start_link/2 for more information
","1"
"immediate_window","pooled","2","32","0","write","pool","","[] connection not available and request was dropped from queue after 162ms. This means requests are coming in and your connection pool cannot serve them fast enough. You can address this by:

  1. Ensuring your database is available and that you can connect to it
  2. Tracking down slow queries and making sure they are running fast enough
  3. Increasing the pool_size (although this increases resource consumption)
  4. Allowing requests to wait longer by increasing :queue_target and :queue_interval

See DBConnection.start_link/2 for more information
","1"
"immediate_window","pooled","2","32","0","write","sqlite","BEGIN IMMEDIATE TRANSACTION","database is locked","1"
"immediate_window","pooled","1","32","4","write","pool","","[] connection not available and request was dropped from queue after 136ms. This means requests are coming in and your connection pool cannot serve them fast enough. You can address this by:

  1. Ensuring your database is available and that you can connect to it
  2. Tracking down slow queries and making sure they are running fast enough
  3. Increasing the pool_size (although this increases resource consumption)
  4. Allowing requests to wait longer by increasing :queue_target and :queue_interval

See DBConnection.start_link/2 for more information
","1"
"immediate_window","pooled","1","32","4","write","pool","","[] connection not available and request was dropped from queue after 142ms. This means requests are coming in and your connection pool cannot serve them fast enough. You can address this by:

  1. Ensuring your database is available and that you can connect to it
  2. Tracking down slow queries and making sure they are running fast enough
  3. Increasing the pool_size (although this increases resource consumption)
  4. Allowing requests to wait longer by increasing :queue_target and :queue_interval

See DBConnection.start_link/2 for more information
","1"
"immediate_window","pooled","1","32","4","write","pool","","[] connection not available and request was dropped from queue after 148ms. This means requests are coming in and your connection pool cannot serve them fast enough. You can address this by:

  1. Ensuring your database is available and that you can connect to it
  2. Tracking down slow queries and making sure they are running fast enough
  3. Increasing the pool_size (although this increases resource consumption)
  4. Allowing requests to wait longer by increasing :queue_target and :queue_interval

See DBConnection.start_link/2 for more information
","1"
"immediate_window","pooled","1","32","4","write","pool","","[] connection not available and request was dropped from queue after 154ms. This means requests are coming in and your connection pool cannot serve them fast enough. You can address this by:

  1. Ensuring your database is available and that you can connect to it
  2. Tracking down slow queries and making sure they are running fast enough
  3. Increasing the pool_size (although this increases resource consumption)
  4. Allowing requests to wait longer by increasing :queue_target and :queue_interval

See DBConnection.start_link/2 for more information
","1"
"immediate_window","pooled","1","32","4","write","pool","","[] connection not available and request was dropped from queue after 160ms. This means requests are coming in and your connection pool cannot serve them fast enough. You can address this by:

  1. Ensuring your database is available and that you can connect to it
  2. Tracking down slow queries and making sure they are running fast enough
  3. Increasing the pool_size (although this increases resource consumption)
  4. Allowing requests to wait longer by increasing :queue_target and :queue_interval

See DBConnection.start_link/2 for more information
","1"
"immediate_window","pooled","1","32","4","write","sqlite","BEGIN IMMEDIATE TRANSACTION","database is locked","4"
"immediate_window","pooled","1","32","4","read","pool","","[] connection not available and request was dropped from queue after 142ms. This means requests are coming in and your connection pool cannot serve them fast enough. You can address this by:

  1. Ensuring your database is available and that you can connect to it
  2. Tracking down slow queries and making sure they are running fast enough
  3. Increasing the pool_size (although this increases resource consumption)
  4. Allowing requests to wait longer by increasing :queue_target and :queue_interval

See DBConnection.start_link/2 for more information
","3"
"immediate_window","pooled","1","32","4","read","pool","","[] connection not available and request was dropped from queue after 148ms. This means requests are coming in and your connection pool cannot serve them fast enough. You can address this by:

  1. Ensuring your database is available and that you can connect to it
  2. Tracking down slow queries and making sure they are running fast enough
  3. Increasing the pool_size (although this increases resource consumption)
  4. Allowing requests to wait longer by increasing :queue_target and :queue_interval

See DBConnection.start_link/2 for more information
","1"
"immediate_window","single","1","32","4","write","pool","","[] connection not available and request was dropped from queue after 102ms. This means requests are coming in and your connection pool cannot serve them fast enough. You can address this by:

  1. Ensuring your database is available and that you can connect to it
  2. Tracking down slow queries and making sure they are running fast enough
  3. Increasing the pool_size (although this increases resource consumption)
  4. Allowing requests to wait longer by increasing :queue_target and :queue_interval

See DBConnection.start_link/2 for more information
","15"
"immediate_window","single","1","32","4","write","pool","","[] connection not available and request was dropped from queue after 106ms. This means requests are coming in and your connection pool cannot serve them fast enough. You can address this by:

  1. Ensuring your database is available and that you can connect to it
  2. Tracking down slow queries and making sure they are running fast enough
  3. Increasing the pool_size (although this increases resource consumption)
  4. Allowing requests to wait longer by increasing :queue_target and :queue_interval

See DBConnection.start_link/2 for more information
","1"
"immediate_window","single","1","32","4","write","pool","","[] connection not available and request was dropped from queue after 112ms. This means requests are coming in and your connection pool cannot serve them fast enough. You can address this by:

  1. Ensuring your database is available and that you can connect to it
  2. Tracking down slow queries and making sure they are running fast enough
  3. Increasing the pool_size (although this increases resource consumption)
  4. Allowing requests to wait longer by increasing :queue_target and :queue_interval

See DBConnection.start_link/2 for more information
","1"
"immediate_window","single","1","32","4","write","pool","","[] connection not available and request was dropped from queue after 118ms. This means requests are coming in and your connection pool cannot serve them fast enough. You can address this by:

  1. Ensuring your database is available and that you can connect to it
  2. Tracking down slow queries and making sure they are running fast enough
  3. Increasing the pool_size (although this increases resource consumption)
  4. Allowing requests to wait longer by increasing :queue_target and :queue_interval

See DBConnection.start_link/2 for more information
","1"
"immediate_window","single","1","32","4","write","pool","","[] connection not available and request was dropped from queue after 124ms. This means requests are coming in and your connection pool cannot serve them fast enough. You can address this by:

  1. Ensuring your database is available and that you can connect to it
  2. Tracking down slow queries and making sure they are running fast enough
  3. Increasing the pool_size (although this increases resource consumption)
  4. Allowing requests to wait longer by increasing :queue_target and :queue_interval

See DBConnection.start_link/2 for more information
","1"
"immediate_window","single","1","32","4","write","pool","","[] connection not available and request was dropped from queue after 130ms. This means requests are coming in and your connection pool cannot serve them fast enough. You can address this by:

  1. Ensuring your database is available and that you can connect to it
  2. Tracking down slow queries and making sure they are running fast enough
  3. Increasing the pool_size (although this increases resource consumption)
  4. Allowing requests to wait longer by increasing :queue_target and :queue_interval

See DBConnection.start_link/2 for more information
","1"
"immediate_window","single","1","32","4","write","pool","","[] connection not available and request was dropped from queue after 136ms. This means requests are coming in and your connection pool cannot serve them fast enough. You can address this by:

  1. Ensuring your database is available and that you can connect to it
  2. Tracking down slow queries and making sure they are running fast enough
  3. Increasing the pool_size (although this increases resource consumption)
  4. Allowing requests to wait longer by increasing :queue_target and :queue_interval

See DBConnection.start_link/2 for more information
","1"
"immediate_window","single","1","32","4","write","pool","","[] connection not available and request was dropped from queue after 142ms. This means requests are coming in and your connection pool cannot serve them fast enough. You can address this by:

  1. Ensuring your database is available and that you can connect to it
  2. Tracking down slow queries and making sure they are running fast enough
  3. Increasing the pool_size (although this increases resource consumption)
  4. Allowing requests to wait longer by increasing :queue_target and :queue_interval

See DBConnection.start_link/2 for more information
","1"
"immediate_window","single","1","32","4","write","pool","","[] connection not available and request was dropped from queue after 148ms. This means requests are coming in and your connection pool cannot serve them fast enough. You can address this by:

  1. Ensuring your database is available and that you can connect to it
  2. Tracking down slow queries and making sure they are running fast enough
  3. Increasing the pool_size (although this increases resource consumption)
  4. Allowing requests to wait longer by increasing :queue_target and :queue_interval

See DBConnection.start_link/2 for more information
","1"
"immediate_window","single","1","32","4","write","pool","","[] connection not available and request was dropped from queue after 154ms. This means requests are coming in and your connection pool cannot serve them fast enough. You can address this by:

  1. Ensuring your database is available and that you can connect to it
  2. Tracking down slow queries and making sure they are running fast enough
  3. Increasing the pool_size (although this increases resource consumption)
  4. Allowing requests to wait longer by increasing :queue_target and :queue_interval

See DBConnection.start_link/2 for more information
","1"
"immediate_window","single","1","32","4","write","pool","","[] connection not available and request was dropped from queue after 160ms. This means requests are coming in and your connection pool cannot serve them fast enough. You can address this by:

  1. Ensuring your database is available and that you can connect to it
  2. Tracking down slow queries and making sure they are running fast enough
  3. Increasing the pool_size (although this increases resource consumption)
  4. Allowing requests to wait longer by increasing :queue_target and :queue_interval

See DBConnection.start_link/2 for more information
","1"
"immediate_window","single","1","32","4","write","pool","","[] connection not available and request was dropped from queue after 166ms. This means requests are coming in and your connection pool cannot serve them fast enough. You can address this by:

  1. Ensuring your database is available and that you can connect to it
  2. Tracking down slow queries and making sure they are running fast enough
  3. Increasing the pool_size (although this increases resource consumption)
  4. Allowing requests to wait longer by increasing :queue_target and :queue_interval

See DBConnection.start_link/2 for more information
","1"
"immediate_window","single","1","32","4","write","pool","","[] connection not available and request was dropped from queue after 172ms. This means requests are coming in and your connection pool cannot serve them fast enough. You can address this by:

  1. Ensuring your database is available and that you can connect to it
  2. Tracking down slow queries and making sure they are running fast enough
  3. Increasing the pool_size (although this increases resource consumption)
  4. Allowing requests to wait longer by increasing :queue_target and :queue_interval

See DBConnection.start_link/2 for more information
","1"
"immediate_window","single","1","32","4","write","pool","","[] connection not available and request was dropped from queue after 178ms. This means requests are coming in and your connection pool cannot serve them fast enough. You can address this by:

  1. Ensuring your database is available and that you can connect to it
  2. Tracking down slow queries and making sure they are running fast enough
  3. Increasing the pool_size (although this increases resource consumption)
  4. Allowing requests to wait longer by increasing :queue_target and :queue_interval

See DBConnection.start_link/2 for more information
","1"
"immediate_window","single","1","32","4","write","pool","","[] connection not available and request was dropped from queue after 184ms. This means requests are coming in and your connection pool cannot serve them fast enough. You can address this by:

  1. Ensuring your database is available and that you can connect to it
  2. Tracking down slow queries and making sure they are running fast enough
  3. Increasing the pool_size (although this increases resource consumption)
  4. Allowing requests to wait longer by increasing :queue_target and :queue_interval

See DBConnection.start_link/2 for more information
","1"
"immediate_window","single","1","32","4","write","pool","","[] connection not available and request was dropped from queue after 190ms. This means requests are coming in and your connection pool cannot serve them fast enough. You can address this by:

  1. Ensuring your database is available and that you can connect to it
  2. Tracking down slow queries and making sure they are running fast enough
  3. Increasing the pool_size (although this increases resource consumption)
  4. Allowing requests to wait longer by increasing :queue_target and :queue_interval

See DBConnection.start_link/2 for more information
","1"
"immediate_window","single","1","32","4","read","pool","","[] connection not available and request was dropped from queue after 102ms. This means requests are coming in and your connection pool cannot serve them fast enough. You can address this by:

  1. Ensuring your database is available and that you can connect to it
  2. Tracking down slow queries and making sure they are running fast enough
  3. Increasing the pool_size (although this increases resource consumption)
  4. Allowing requests to wait longer by increasing :queue_target and :queue_interval

See DBConnection.start_link/2 for more information
","4"
"immediate_window","single","2","32","4","write","pool","","[] connection not available and request was dropped from queue after 102ms. This means requests are coming in and your connection pool cannot serve them fast enough. You can address this by:

  1. Ensuring your database is available and that you can connect to it
  2. Tracking down slow queries and making sure they are running fast enough
  3. Increasing the pool_size (although this increases resource consumption)
  4. Allowing requests to wait longer by increasing :queue_target and :queue_interval

See DBConnection.start_link/2 for more information
","16"
"immediate_window","single","2","32","4","write","pool","","[] connection not available and request was dropped from queue after 108ms. This means requests are coming in and your connection pool cannot serve them fast enough. You can address this by:

  1. Ensuring your database is available and that you can connect to it
  2. Tracking down slow queries and making sure they are running fast enough
  3. Increasing the pool_size (although this increases resource consumption)
  4. Allowing requests to wait longer by increasing :queue_target and :queue_interval

See DBConnection.start_link/2 for more information
","1"
"immediate_window","single","2","32","4","write","pool","","[] connection not available and request was dropped from queue after 115ms. This means requests are coming in and your connection pool cannot serve them fast enough. You can address this by:

  1. Ensuring your database is available and that you can connect to it
  2. Tracking down slow queries and making sure they are running fast enough
  3. Increasing the pool_size (although this increases resource consumption)
  4. Allowing requests to wait longer by increasing :queue_target and :queue_interval

See DBConnection.start_link/2 for more information
","1"
"immediate_window","single","2","32","4","write","pool","","[] connection not available and request was dropped from queue after 121ms. This means requests are coming in and your connection pool cannot serve them fast enough. You can address this by:

  1. Ensuring your database is available and that you can connect to it
  2. Tracking down slow queries and making sure they are running fast enough
  3. Increasing the pool_size (although this increases resource consumption)
  4. Allowing requests to wait longer by increasing :queue_target and :queue_interval

See DBConnection.start_link/2 for more information
","1"
"immediate_window","single","2","32","4","write","pool","","[] connection not available and request was dropped from queue after 127ms. This means requests are coming in and your connection pool cannot serve them fast enough. You can address this by:

  1. Ensuring your database is available and that you can connect to it
  2. Tracking down slow queries and making sure they are running fast enough
  3. Increasing the pool_size (although this increases resource consumption)
  4. Allowing requests to wait longer by increasing :queue_target and :queue_interval

See DBConnection.start_link/2 for more information
","1"
"immediate_window","single","2","32","4","write","pool","","[] connection not available and request was dropped from queue after 133ms. This means requests are coming in and your connection pool cannot serve them fast enough. You can address this by:

  1. Ensuring your database is available and that you can connect to it
  2. Tracking down slow queries and making sure they are running fast enough
  3. Increasing the pool_size (although this increases resource consumption)
  4. Allowing requests to wait longer by increasing :queue_target and :queue_interval

See DBConnection.start_link/2 for more information
","1"
"immediate_window","single","2","32","4","write","pool","","[] connection not available and request was dropped from queue after 139ms. This means requests are coming in and your connection pool cannot serve them fast enough. You can address this by:

  1. Ensuring your database is available and that you can connect to it
  2. Tracking down slow queries and making sure they are running fast enough
  3. Increasing the pool_size (although this increases resource consumption)
  4. Allowing requests to wait longer by increasing :queue_target and :queue_interval

See DBConnection.start_link/2 for more information
","1"
"immediate_window","single","2","32","4","write","pool","","[] connection not available and request was dropped from queue after 147ms. This means requests are coming in and your connection pool cannot serve them fast enough. You can address this by:

  1. Ensuring your database is available and that you can connect to it
  2. Tracking down slow queries and making sure they are running fast enough
  3. Increasing the pool_size (although this increases resource consumption)
  4. Allowing requests to wait longer by increasing :queue_target and :queue_interval

See DBConnection.start_link/2 for more information
","1"
"immediate_window","single","2","32","4","write","pool","","[] connection not available and request was dropped from queue after 153ms. This means requests are coming in and your connection pool cannot serve them fast enough. You can address this by:

  1. Ensuring your database is available and that you can connect to it
  2. Tracking down slow queries and making sure they are running fast enough
  3. Increasing the pool_size (although this increases resource consumption)
  4. Allowing requests to wait longer by increasing :queue_target and :queue_interval

See DBConnection.start_link/2 for more information
","1"
"immediate_window","single","2","32","4","write","pool","","[] connection not available and request was dropped from queue after 159ms. This means requests are coming in and your connection pool cannot serve them fast enough. You can address this by:

  1. Ensuring your database is available and that you can connect to it
  2. Tracking down slow queries and making sure they are running fast enough
  3. Increasing the pool_size (although this increases resource consumption)
  4. Allowing requests to wait longer by increasing :queue_target and :queue_interval

See DBConnection.start_link/2 for more information
","1"
"immediate_window","single","2","32","4","write","pool","","[] connection not available and request was dropped from queue after 165ms. This means requests are coming in and your connection pool cannot serve them fast enough. You can address this by:

  1. Ensuring your database is available and that you can connect to it
  2. Tracking down slow queries and making sure they are running fast enough
  3. Increasing the pool_size (although this increases resource consumption)
  4. Allowing requests to wait longer by increasing :queue_target and :queue_interval

See DBConnection.start_link/2 for more information
","1"
"immediate_window","single","2","32","4","write","pool","","[] connection not available and request was dropped from queue after 171ms. This means requests are coming in and your connection pool cannot serve them fast enough. You can address this by:

  1. Ensuring your database is available and that you can connect to it
  2. Tracking down slow queries and making sure they are running fast enough
  3. Increasing the pool_size (although this increases resource consumption)
  4. Allowing requests to wait longer by increasing :queue_target and :queue_interval

See DBConnection.start_link/2 for more information
","1"
"immediate_window","single","2","32","4","write","pool","","[] connection not available and request was dropped from queue after 177ms. This means requests are coming in and your connection pool cannot serve them fast enough. You can address this by:

  1. Ensuring your database is available and that you can connect to it
  2. Tracking down slow queries and making sure they are running fast enough
  3. Increasing the pool_size (although this increases resource consumption)
  4. Allowing requests to wait longer by increasing :queue_target and :queue_interval

See DBConnection.start_link/2 for more information
","1"
"immediate_window","single","2","32","4","write","pool","","[] connection not available and request was dropped from queue after 183ms. This means requests are coming in and your connection pool cannot serve them fast enough. You can address this by:

  1. Ensuring your database is available and that you can connect to it
  2. Tracking down slow queries and making sure they are running fast enough
  3. Increasing the pool_size (although this increases resource consumption)
  4. Allowing requests to wait longer by increasing :queue_target and :queue_interval

See DBConnection.start_link/2 for more information
","1"
"immediate_window","single","2","32","4","write","pool","","[] connection not available and request was dropped from queue after 189ms. This means requests are coming in and your connection pool cannot serve them fast enough. You can address this by:

  1. Ensuring your database is available and that you can connect to it
  2. Tracking down slow queries and making sure they are running fast enough
  3. Increasing the pool_size (although this increases resource consumption)
  4. Allowing requests to wait longer by increasing :queue_target and :queue_interval

See DBConnection.start_link/2 for more information
","1"
"immediate_window","single","2","32","4","read","pool","","[] connection not available and request was dropped from queue after 102ms. This means requests are coming in and your connection pool cannot serve them fast enough. You can address this by:

  1. Ensuring your database is available and that you can connect to it
  2. Tracking down slow queries and making sure they are running fast enough
  3. Increasing the pool_size (although this increases resource consumption)
  4. Allowing requests to wait longer by increasing :queue_target and :queue_interval

See DBConnection.start_link/2 for more information
","5"
"immediate_window","pooled","2","32","4","write","pool","","[] connection not available and request was dropped from queue after 132ms. This means requests are coming in and your connection pool cannot serve them fast enough. You can address this by:

  1. Ensuring your database is available and that you can connect to it
  2. Tracking down slow queries and making sure they are running fast enough
  3. Increasing the pool_size (although this increases resource consumption)
  4. Allowing requests to wait longer by increasing :queue_target and :queue_interval

See DBConnection.start_link/2 for more information
","1"
"immediate_window","pooled","2","32","4","write","pool","","[] connection not available and request was dropped from queue after 138ms. This means requests are coming in and your connection pool cannot serve them fast enough. You can address this by:

  1. Ensuring your database is available and that you can connect to it
  2. Tracking down slow queries and making sure they are running fast enough
  3. Increasing the pool_size (although this increases resource consumption)
  4. Allowing requests to wait longer by increasing :queue_target and :queue_interval

See DBConnection.start_link/2 for more information
","1"
"immediate_window","pooled","2","32","4","write","pool","","[] connection not available and request was dropped from queue after 144ms. This means requests are coming in and your connection pool cannot serve them fast enough. You can address this by:

  1. Ensuring your database is available and that you can connect to it
  2. Tracking down slow queries and making sure they are running fast enough
  3. Increasing the pool_size (although this increases resource consumption)
  4. Allowing requests to wait longer by increasing :queue_target and :queue_interval

See DBConnection.start_link/2 for more information
","1"
"immediate_window","pooled","2","32","4","write","pool","","[] connection not available and request was dropped from queue after 150ms. This means requests are coming in and your connection pool cannot serve them fast enough. You can address this by:

  1. Ensuring your database is available and that you can connect to it
  2. Tracking down slow queries and making sure they are running fast enough
  3. Increasing the pool_size (although this increases resource consumption)
  4. Allowing requests to wait longer by increasing :queue_target and :queue_interval

See DBConnection.start_link/2 for more information
","1"
"immediate_window","pooled","2","32","4","write","pool","","[] connection not available and request was dropped from queue after 156ms. This means requests are coming in and your connection pool cannot serve them fast enough. You can address this by:

  1. Ensuring your database is available and that you can connect to it
  2. Tracking down slow queries and making sure they are running fast enough
  3. Increasing the pool_size (although this increases resource consumption)
  4. Allowing requests to wait longer by increasing :queue_target and :queue_interval

See DBConnection.start_link/2 for more information
","1"
"immediate_window","pooled","2","32","4","write","pool","","[] connection not available and request was dropped from queue after 162ms. This means requests are coming in and your connection pool cannot serve them fast enough. You can address this by:

  1. Ensuring your database is available and that you can connect to it
  2. Tracking down slow queries and making sure they are running fast enough
  3. Increasing the pool_size (although this increases resource consumption)
  4. Allowing requests to wait longer by increasing :queue_target and :queue_interval

See DBConnection.start_link/2 for more information
","1"
"immediate_window","pooled","2","32","4","write","sqlite","BEGIN IMMEDIATE TRANSACTION","database is locked","2"
"immediate_window","pooled","2","32","4","read","pool","","[] connection not available and request was dropped from queue after 132ms. This means requests are coming in and your connection pool cannot serve them fast enough. You can address this by:

  1. Ensuring your database is available and that you can connect to it
  2. Tracking down slow queries and making sure they are running fast enough
  3. Increasing the pool_size (although this increases resource consumption)
  4. Allowing requests to wait longer by increasing :queue_target and :queue_interval

See DBConnection.start_link/2 for more information
","4"
"no_busy_wait","pooled","1","8","0","write","sqlite","BEGIN IMMEDIATE TRANSACTION","database is locked","90"
"no_busy_wait","pooled","2","8","0","write","sqlite","BEGIN IMMEDIATE TRANSACTION","database is locked","91"
"no_busy_wait","pooled","1","8","4","write","sqlite","BEGIN IMMEDIATE TRANSACTION","database is locked","91"
"no_busy_wait","pooled","2","8","4","write","sqlite","BEGIN IMMEDIATE TRANSACTION","database is locked","91"
"no_busy_wait","pooled","1","32","0","write","sqlite","BEGIN IMMEDIATE TRANSACTION","database is locked","372"
"no_busy_wait","single","1","32","0","write","pool","","[] connection not available and request was dropped from queue after 102ms. This means requests are coming in and your connection pool cannot serve them fast enough. You can address this by:

  1. Ensuring your database is available and that you can connect to it
  2. Tracking down slow queries and making sure they are running fast enough
  3. Increasing the pool_size (although this increases resource consumption)
  4. Allowing requests to wait longer by increasing :queue_target and :queue_interval

See DBConnection.start_link/2 for more information
","15"
"no_busy_wait","single","1","32","0","write","pool","","[] connection not available and request was dropped from queue after 111ms. This means requests are coming in and your connection pool cannot serve them fast enough. You can address this by:

  1. Ensuring your database is available and that you can connect to it
  2. Tracking down slow queries and making sure they are running fast enough
  3. Increasing the pool_size (although this increases resource consumption)
  4. Allowing requests to wait longer by increasing :queue_target and :queue_interval

See DBConnection.start_link/2 for more information
","1"
"no_busy_wait","single","1","32","0","write","pool","","[] connection not available and request was dropped from queue after 117ms. This means requests are coming in and your connection pool cannot serve them fast enough. You can address this by:

  1. Ensuring your database is available and that you can connect to it
  2. Tracking down slow queries and making sure they are running fast enough
  3. Increasing the pool_size (although this increases resource consumption)
  4. Allowing requests to wait longer by increasing :queue_target and :queue_interval

See DBConnection.start_link/2 for more information
","1"
"no_busy_wait","single","1","32","0","write","pool","","[] connection not available and request was dropped from queue after 144ms. This means requests are coming in and your connection pool cannot serve them fast enough. You can address this by:

  1. Ensuring your database is available and that you can connect to it
  2. Tracking down slow queries and making sure they are running fast enough
  3. Increasing the pool_size (although this increases resource consumption)
  4. Allowing requests to wait longer by increasing :queue_target and :queue_interval

See DBConnection.start_link/2 for more information
","1"
"no_busy_wait","single","1","32","0","write","pool","","[] connection not available and request was dropped from queue after 150ms. This means requests are coming in and your connection pool cannot serve them fast enough. You can address this by:

  1. Ensuring your database is available and that you can connect to it
  2. Tracking down slow queries and making sure they are running fast enough
  3. Increasing the pool_size (although this increases resource consumption)
  4. Allowing requests to wait longer by increasing :queue_target and :queue_interval

See DBConnection.start_link/2 for more information
","1"
"no_busy_wait","single","1","32","0","write","pool","","[] connection not available and request was dropped from queue after 156ms. This means requests are coming in and your connection pool cannot serve them fast enough. You can address this by:

  1. Ensuring your database is available and that you can connect to it
  2. Tracking down slow queries and making sure they are running fast enough
  3. Increasing the pool_size (although this increases resource consumption)
  4. Allowing requests to wait longer by increasing :queue_target and :queue_interval

See DBConnection.start_link/2 for more information
","1"
"no_busy_wait","single","1","32","0","write","pool","","[] connection not available and request was dropped from queue after 162ms. This means requests are coming in and your connection pool cannot serve them fast enough. You can address this by:

  1. Ensuring your database is available and that you can connect to it
  2. Tracking down slow queries and making sure they are running fast enough
  3. Increasing the pool_size (although this increases resource consumption)
  4. Allowing requests to wait longer by increasing :queue_target and :queue_interval

See DBConnection.start_link/2 for more information
","1"
"no_busy_wait","single","1","32","0","write","pool","","[] connection not available and request was dropped from queue after 168ms. This means requests are coming in and your connection pool cannot serve them fast enough. You can address this by:

  1. Ensuring your database is available and that you can connect to it
  2. Tracking down slow queries and making sure they are running fast enough
  3. Increasing the pool_size (although this increases resource consumption)
  4. Allowing requests to wait longer by increasing :queue_target and :queue_interval

See DBConnection.start_link/2 for more information
","1"
"no_busy_wait","single","1","32","0","write","pool","","[] connection not available and request was dropped from queue after 174ms. This means requests are coming in and your connection pool cannot serve them fast enough. You can address this by:

  1. Ensuring your database is available and that you can connect to it
  2. Tracking down slow queries and making sure they are running fast enough
  3. Increasing the pool_size (although this increases resource consumption)
  4. Allowing requests to wait longer by increasing :queue_target and :queue_interval

See DBConnection.start_link/2 for more information
","1"
"no_busy_wait","single","1","32","0","write","pool","","[] connection not available and request was dropped from queue after 180ms. This means requests are coming in and your connection pool cannot serve them fast enough. You can address this by:

  1. Ensuring your database is available and that you can connect to it
  2. Tracking down slow queries and making sure they are running fast enough
  3. Increasing the pool_size (although this increases resource consumption)
  4. Allowing requests to wait longer by increasing :queue_target and :queue_interval

See DBConnection.start_link/2 for more information
","1"
"no_busy_wait","single","1","32","0","write","pool","","[] connection not available and request was dropped from queue after 186ms. This means requests are coming in and your connection pool cannot serve them fast enough. You can address this by:

  1. Ensuring your database is available and that you can connect to it
  2. Tracking down slow queries and making sure they are running fast enough
  3. Increasing the pool_size (although this increases resource consumption)
  4. Allowing requests to wait longer by increasing :queue_target and :queue_interval

See DBConnection.start_link/2 for more information
","1"
"no_busy_wait","single","1","32","0","write","pool","","[] connection not available and request was dropped from queue after 192ms. This means requests are coming in and your connection pool cannot serve them fast enough. You can address this by:

  1. Ensuring your database is available and that you can connect to it
  2. Tracking down slow queries and making sure they are running fast enough
  3. Increasing the pool_size (although this increases resource consumption)
  4. Allowing requests to wait longer by increasing :queue_target and :queue_interval

See DBConnection.start_link/2 for more information
","1"
"no_busy_wait","single","1","32","0","write","pool","","[] connection not available and request was dropped from queue after 198ms. This means requests are coming in and your connection pool cannot serve them fast enough. You can address this by:

  1. Ensuring your database is available and that you can connect to it
  2. Tracking down slow queries and making sure they are running fast enough
  3. Increasing the pool_size (although this increases resource consumption)
  4. Allowing requests to wait longer by increasing :queue_target and :queue_interval

See DBConnection.start_link/2 for more information
","1"
"no_busy_wait","single","1","32","0","write","pool","","[] connection not available and request was dropped from queue after 204ms. This means requests are coming in and your connection pool cannot serve them fast enough. You can address this by:

  1. Ensuring your database is available and that you can connect to it
  2. Tracking down slow queries and making sure they are running fast enough
  3. Increasing the pool_size (although this increases resource consumption)
  4. Allowing requests to wait longer by increasing :queue_target and :queue_interval

See DBConnection.start_link/2 for more information
","1"
"no_busy_wait","single","1","32","0","write","pool","","[] connection not available and request was dropped from queue after 210ms. This means requests are coming in and your connection pool cannot serve them fast enough. You can address this by:

  1. Ensuring your database is available and that you can connect to it
  2. Tracking down slow queries and making sure they are running fast enough
  3. Increasing the pool_size (although this increases resource consumption)
  4. Allowing requests to wait longer by increasing :queue_target and :queue_interval

See DBConnection.start_link/2 for more information
","1"
"no_busy_wait","single","1","32","0","write","pool","","[] connection not available and request was dropped from queue after 216ms. This means requests are coming in and your connection pool cannot serve them fast enough. You can address this by:

  1. Ensuring your database is available and that you can connect to it
  2. Tracking down slow queries and making sure they are running fast enough
  3. Increasing the pool_size (although this increases resource consumption)
  4. Allowing requests to wait longer by increasing :queue_target and :queue_interval

See DBConnection.start_link/2 for more information
","1"
"no_busy_wait","single","1","32","0","write","pool","","[] connection not available and request was dropped from queue after 222ms. This means requests are coming in and your connection pool cannot serve them fast enough. You can address this by:

  1. Ensuring your database is available and that you can connect to it
  2. Tracking down slow queries and making sure they are running fast enough
  3. Increasing the pool_size (although this increases resource consumption)
  4. Allowing requests to wait longer by increasing :queue_target and :queue_interval

See DBConnection.start_link/2 for more information
","1"
"no_busy_wait","single","2","32","0","write","pool","","[] connection not available and request was dropped from queue after 102ms. This means requests are coming in and your connection pool cannot serve them fast enough. You can address this by:

  1. Ensuring your database is available and that you can connect to it
  2. Tracking down slow queries and making sure they are running fast enough
  3. Increasing the pool_size (although this increases resource consumption)
  4. Allowing requests to wait longer by increasing :queue_target and :queue_interval

See DBConnection.start_link/2 for more information
","15"
"no_busy_wait","single","2","32","0","write","pool","","[] connection not available and request was dropped from queue after 105ms. This means requests are coming in and your connection pool cannot serve them fast enough. You can address this by:

  1. Ensuring your database is available and that you can connect to it
  2. Tracking down slow queries and making sure they are running fast enough
  3. Increasing the pool_size (although this increases resource consumption)
  4. Allowing requests to wait longer by increasing :queue_target and :queue_interval

See DBConnection.start_link/2 for more information
","1"
"no_busy_wait","single","2","32","0","write","pool","","[] connection not available and request was dropped from queue after 111ms. This means requests are coming in and your connection pool cannot serve them fast enough. You can address this by:

  1. Ensuring your database is available and that you can connect to it
  2. Tracking down slow queries and making sure they are running fast enough
  3. Increasing the pool_size (although this increases resource consumption)
  4. Allowing requests to wait longer by increasing :queue_target and :queue_interval

See DBConnection.start_link/2 for more information
","1"
"no_busy_wait","single","2","32","0","write","pool","","[] connection not available and request was dropped from queue after 117ms. This means requests are coming in and your connection pool cannot serve them fast enough. You can address this by:

  1. Ensuring your database is available and that you can connect to it
  2. Tracking down slow queries and making sure they are running fast enough
  3. Increasing the pool_size (although this increases resource consumption)
  4. Allowing requests to wait longer by increasing :queue_target and :queue_interval

See DBConnection.start_link/2 for more information
","1"
"no_busy_wait","single","2","32","0","write","pool","","[] connection not available and request was dropped from queue after 123ms. This means requests are coming in and your connection pool cannot serve them fast enough. You can address this by:

  1. Ensuring your database is available and that you can connect to it
  2. Tracking down slow queries and making sure they are running fast enough
  3. Increasing the pool_size (although this increases resource consumption)
  4. Allowing requests to wait longer by increasing :queue_target and :queue_interval

See DBConnection.start_link/2 for more information
","1"
"no_busy_wait","single","2","32","0","write","pool","","[] connection not available and request was dropped from queue after 129ms. This means requests are coming in and your connection pool cannot serve them fast enough. You can address this by:

  1. Ensuring your database is available and that you can connect to it
  2. Tracking down slow queries and making sure they are running fast enough
  3. Increasing the pool_size (although this increases resource consumption)
  4. Allowing requests to wait longer by increasing :queue_target and :queue_interval

See DBConnection.start_link/2 for more information
","1"
"no_busy_wait","single","2","32","0","write","pool","","[] connection not available and request was dropped from queue after 135ms. This means requests are coming in and your connection pool cannot serve them fast enough. You can address this by:

  1. Ensuring your database is available and that you can connect to it
  2. Tracking down slow queries and making sure they are running fast enough
  3. Increasing the pool_size (although this increases resource consumption)
  4. Allowing requests to wait longer by increasing :queue_target and :queue_interval

See DBConnection.start_link/2 for more information
","1"
"no_busy_wait","single","2","32","0","write","pool","","[] connection not available and request was dropped from queue after 141ms. This means requests are coming in and your connection pool cannot serve them fast enough. You can address this by:

  1. Ensuring your database is available and that you can connect to it
  2. Tracking down slow queries and making sure they are running fast enough
  3. Increasing the pool_size (although this increases resource consumption)
  4. Allowing requests to wait longer by increasing :queue_target and :queue_interval

See DBConnection.start_link/2 for more information
","1"
"no_busy_wait","single","2","32","0","write","pool","","[] connection not available and request was dropped from queue after 147ms. This means requests are coming in and your connection pool cannot serve them fast enough. You can address this by:

  1. Ensuring your database is available and that you can connect to it
  2. Tracking down slow queries and making sure they are running fast enough
  3. Increasing the pool_size (although this increases resource consumption)
  4. Allowing requests to wait longer by increasing :queue_target and :queue_interval

See DBConnection.start_link/2 for more information
","1"
"no_busy_wait","single","2","32","0","write","pool","","[] connection not available and request was dropped from queue after 153ms. This means requests are coming in and your connection pool cannot serve them fast enough. You can address this by:

  1. Ensuring your database is available and that you can connect to it
  2. Tracking down slow queries and making sure they are running fast enough
  3. Increasing the pool_size (although this increases resource consumption)
  4. Allowing requests to wait longer by increasing :queue_target and :queue_interval

See DBConnection.start_link/2 for more information
","1"
"no_busy_wait","single","2","32","0","write","pool","","[] connection not available and request was dropped from queue after 159ms. This means requests are coming in and your connection pool cannot serve them fast enough. You can address this by:

  1. Ensuring your database is available and that you can connect to it
  2. Tracking down slow queries and making sure they are running fast enough
  3. Increasing the pool_size (although this increases resource consumption)
  4. Allowing requests to wait longer by increasing :queue_target and :queue_interval

See DBConnection.start_link/2 for more information
","1"
"no_busy_wait","single","2","32","0","write","pool","","[] connection not available and request was dropped from queue after 165ms. This means requests are coming in and your connection pool cannot serve them fast enough. You can address this by:

  1. Ensuring your database is available and that you can connect to it
  2. Tracking down slow queries and making sure they are running fast enough
  3. Increasing the pool_size (although this increases resource consumption)
  4. Allowing requests to wait longer by increasing :queue_target and :queue_interval

See DBConnection.start_link/2 for more information
","1"
"no_busy_wait","single","2","32","0","write","pool","","[] connection not available and request was dropped from queue after 171ms. This means requests are coming in and your connection pool cannot serve them fast enough. You can address this by:

  1. Ensuring your database is available and that you can connect to it
  2. Tracking down slow queries and making sure they are running fast enough
  3. Increasing the pool_size (although this increases resource consumption)
  4. Allowing requests to wait longer by increasing :queue_target and :queue_interval

See DBConnection.start_link/2 for more information
","1"
"no_busy_wait","single","2","32","0","write","pool","","[] connection not available and request was dropped from queue after 177ms. This means requests are coming in and your connection pool cannot serve them fast enough. You can address this by:

  1. Ensuring your database is available and that you can connect to it
  2. Tracking down slow queries and making sure they are running fast enough
  3. Increasing the pool_size (although this increases resource consumption)
  4. Allowing requests to wait longer by increasing :queue_target and :queue_interval

See DBConnection.start_link/2 for more information
","1"
"no_busy_wait","single","2","32","0","write","pool","","[] connection not available and request was dropped from queue after 183ms. This means requests are coming in and your connection pool cannot serve them fast enough. You can address this by:

  1. Ensuring your database is available and that you can connect to it
  2. Tracking down slow queries and making sure they are running fast enough
  3. Increasing the pool_size (although this increases resource consumption)
  4. Allowing requests to wait longer by increasing :queue_target and :queue_interval

See DBConnection.start_link/2 for more information
","1"
"no_busy_wait","single","2","32","0","write","pool","","[] connection not available and request was dropped from queue after 189ms. This means requests are coming in and your connection pool cannot serve them fast enough. You can address this by:

  1. Ensuring your database is available and that you can connect to it
  2. Tracking down slow queries and making sure they are running fast enough
  3. Increasing the pool_size (although this increases resource consumption)
  4. Allowing requests to wait longer by increasing :queue_target and :queue_interval

See DBConnection.start_link/2 for more information
","1"
"no_busy_wait","pooled","2","32","0","write","sqlite","BEGIN IMMEDIATE TRANSACTION","database is locked","367"
"no_busy_wait","pooled","1","32","4","write","sqlite","BEGIN IMMEDIATE TRANSACTION","database is locked","369"
"no_busy_wait","single","1","32","4","write","pool","","[] connection not available and request was dropped from queue after 102ms. This means requests are coming in and your connection pool cannot serve them fast enough. You can address this by:

  1. Ensuring your database is available and that you can connect to it
  2. Tracking down slow queries and making sure they are running fast enough
  3. Increasing the pool_size (although this increases resource consumption)
  4. Allowing requests to wait longer by increasing :queue_target and :queue_interval

See DBConnection.start_link/2 for more information
","16"
"no_busy_wait","single","1","32","4","write","pool","","[] connection not available and request was dropped from queue after 108ms. This means requests are coming in and your connection pool cannot serve them fast enough. You can address this by:

  1. Ensuring your database is available and that you can connect to it
  2. Tracking down slow queries and making sure they are running fast enough
  3. Increasing the pool_size (although this increases resource consumption)
  4. Allowing requests to wait longer by increasing :queue_target and :queue_interval

See DBConnection.start_link/2 for more information
","1"
"no_busy_wait","single","1","32","4","write","pool","","[] connection not available and request was dropped from queue after 114ms. This means requests are coming in and your connection pool cannot serve them fast enough. You can address this by:

  1. Ensuring your database is available and that you can connect to it
  2. Tracking down slow queries and making sure they are running fast enough
  3. Increasing the pool_size (although this increases resource consumption)
  4. Allowing requests to wait longer by increasing :queue_target and :queue_interval

See DBConnection.start_link/2 for more information
","1"
"no_busy_wait","single","1","32","4","write","pool","","[] connection not available and request was dropped from queue after 120ms. This means requests are coming in and your connection pool cannot serve them fast enough. You can address this by:

  1. Ensuring your database is available and that you can connect to it
  2. Tracking down slow queries and making sure they are running fast enough
  3. Increasing the pool_size (although this increases resource consumption)
  4. Allowing requests to wait longer by increasing :queue_target and :queue_interval

See DBConnection.start_link/2 for more information
","1"
"no_busy_wait","single","1","32","4","write","pool","","[] connection not available and request was dropped from queue after 126ms. This means requests are coming in and your connection pool cannot serve them fast enough. You can address this by:

  1. Ensuring your database is available and that you can connect to it
  2. Tracking down slow queries and making sure they are running fast enough
  3. Increasing the pool_size (although this increases resource consumption)
  4. Allowing requests to wait longer by increasing :queue_target and :queue_interval

See DBConnection.start_link/2 for more information
","1"
"no_busy_wait","single","1","32","4","write","pool","","[] connection not available and request was dropped from queue after 132ms. This means requests are coming in and your connection pool cannot serve them fast enough. You can address this by:

  1. Ensuring your database is available and that you can connect to it
  2. Tracking down slow queries and making sure they are running fast enough
  3. Increasing the pool_size (although this increases resource consumption)
  4. Allowing requests to wait longer by increasing :queue_target and :queue_interval

See DBConnection.start_link/2 for more information
","1"
"no_busy_wait","single","1","32","4","write","pool","","[] connection not available and request was dropped from queue after 138ms. This means requests are coming in and your connection pool cannot serve them fast enough. You can address this by:

  1. Ensuring your database is available and that you can connect to it
  2. Tracking down slow queries and making sure they are running fast enough
  3. Increasing the pool_size (although this increases resource consumption)
  4. Allowing requests to wait longer by increasing :queue_target and :queue_interval

See DBConnection.start_link/2 for more information
","1"
"no_busy_wait","single","1","32","4","write","pool","","[] connection not available and request was dropped from queue after 144ms. This means requests are coming in and your connection pool cannot serve them fast enough. You can address this by:

  1. Ensuring your database is available and that you can connect to it
  2. Tracking down slow queries and making sure they are running fast enough
  3. Increasing the pool_size (although this increases resource consumption)
  4. Allowing requests to wait longer by increasing :queue_target and :queue_interval

See DBConnection.start_link/2 for more information
","1"
"no_busy_wait","single","1","32","4","write","pool","","[] connection not available and request was dropped from queue after 150ms. This means requests are coming in and your connection pool cannot serve them fast enough. You can address this by:

  1. Ensuring your database is available and that you can connect to it
  2. Tracking down slow queries and making sure they are running fast enough
  3. Increasing the pool_size (although this increases resource consumption)
  4. Allowing requests to wait longer by increasing :queue_target and :queue_interval

See DBConnection.start_link/2 for more information
","1"
"no_busy_wait","single","1","32","4","write","pool","","[] connection not available and request was dropped from queue after 156ms. This means requests are coming in and your connection pool cannot serve them fast enough. You can address this by:

  1. Ensuring your database is available and that you can connect to it
  2. Tracking down slow queries and making sure they are running fast enough
  3. Increasing the pool_size (although this increases resource consumption)
  4. Allowing requests to wait longer by increasing :queue_target and :queue_interval

See DBConnection.start_link/2 for more information
","1"
"no_busy_wait","single","1","32","4","write","pool","","[] connection not available and request was dropped from queue after 162ms. This means requests are coming in and your connection pool cannot serve them fast enough. You can address this by:

  1. Ensuring your database is available and that you can connect to it
  2. Tracking down slow queries and making sure they are running fast enough
  3. Increasing the pool_size (although this increases resource consumption)
  4. Allowing requests to wait longer by increasing :queue_target and :queue_interval

See DBConnection.start_link/2 for more information
","1"
"no_busy_wait","single","1","32","4","write","pool","","[] connection not available and request was dropped from queue after 168ms. This means requests are coming in and your connection pool cannot serve them fast enough. You can address this by:

  1. Ensuring your database is available and that you can connect to it
  2. Tracking down slow queries and making sure they are running fast enough
  3. Increasing the pool_size (although this increases resource consumption)
  4. Allowing requests to wait longer by increasing :queue_target and :queue_interval

See DBConnection.start_link/2 for more information
","1"
"no_busy_wait","single","1","32","4","write","pool","","[] connection not available and request was dropped from queue after 174ms. This means requests are coming in and your connection pool cannot serve them fast enough. You can address this by:

  1. Ensuring your database is available and that you can connect to it
  2. Tracking down slow queries and making sure they are running fast enough
  3. Increasing the pool_size (although this increases resource consumption)
  4. Allowing requests to wait longer by increasing :queue_target and :queue_interval

See DBConnection.start_link/2 for more information
","1"
"no_busy_wait","single","1","32","4","write","pool","","[] connection not available and request was dropped from queue after 181ms. This means requests are coming in and your connection pool cannot serve them fast enough. You can address this by:

  1. Ensuring your database is available and that you can connect to it
  2. Tracking down slow queries and making sure they are running fast enough
  3. Increasing the pool_size (although this increases resource consumption)
  4. Allowing requests to wait longer by increasing :queue_target and :queue_interval

See DBConnection.start_link/2 for more information
","1"
"no_busy_wait","single","1","32","4","write","pool","","[] connection not available and request was dropped from queue after 187ms. This means requests are coming in and your connection pool cannot serve them fast enough. You can address this by:

  1. Ensuring your database is available and that you can connect to it
  2. Tracking down slow queries and making sure they are running fast enough
  3. Increasing the pool_size (although this increases resource consumption)
  4. Allowing requests to wait longer by increasing :queue_target and :queue_interval

See DBConnection.start_link/2 for more information
","1"
"no_busy_wait","single","1","32","4","read","pool","","[] connection not available and request was dropped from queue after 102ms. This means requests are coming in and your connection pool cannot serve them fast enough. You can address this by:

  1. Ensuring your database is available and that you can connect to it
  2. Tracking down slow queries and making sure they are running fast enough
  3. Increasing the pool_size (although this increases resource consumption)
  4. Allowing requests to wait longer by increasing :queue_target and :queue_interval

See DBConnection.start_link/2 for more information
","6"
"no_busy_wait","single","2","32","4","write","pool","","[] connection not available and request was dropped from queue after 102ms. This means requests are coming in and your connection pool cannot serve them fast enough. You can address this by:

  1. Ensuring your database is available and that you can connect to it
  2. Tracking down slow queries and making sure they are running fast enough
  3. Increasing the pool_size (although this increases resource consumption)
  4. Allowing requests to wait longer by increasing :queue_target and :queue_interval

See DBConnection.start_link/2 for more information
","15"
"no_busy_wait","single","2","32","4","write","pool","","[] connection not available and request was dropped from queue after 104ms. This means requests are coming in and your connection pool cannot serve them fast enough. You can address this by:

  1. Ensuring your database is available and that you can connect to it
  2. Tracking down slow queries and making sure they are running fast enough
  3. Increasing the pool_size (although this increases resource consumption)
  4. Allowing requests to wait longer by increasing :queue_target and :queue_interval

See DBConnection.start_link/2 for more information
","1"
"no_busy_wait","single","2","32","4","write","pool","","[] connection not available and request was dropped from queue after 110ms. This means requests are coming in and your connection pool cannot serve them fast enough. You can address this by:

  1. Ensuring your database is available and that you can connect to it
  2. Tracking down slow queries and making sure they are running fast enough
  3. Increasing the pool_size (although this increases resource consumption)
  4. Allowing requests to wait longer by increasing :queue_target and :queue_interval

See DBConnection.start_link/2 for more information
","1"
"no_busy_wait","single","2","32","4","write","pool","","[] connection not available and request was dropped from queue after 116ms. This means requests are coming in and your connection pool cannot serve them fast enough. You can address this by:

  1. Ensuring your database is available and that you can connect to it
  2. Tracking down slow queries and making sure they are running fast enough
  3. Increasing the pool_size (although this increases resource consumption)
  4. Allowing requests to wait longer by increasing :queue_target and :queue_interval

See DBConnection.start_link/2 for more information
","1"
"no_busy_wait","single","2","32","4","write","pool","","[] connection not available and request was dropped from queue after 122ms. This means requests are coming in and your connection pool cannot serve them fast enough. You can address this by:

  1. Ensuring your database is available and that you can connect to it
  2. Tracking down slow queries and making sure they are running fast enough
  3. Increasing the pool_size (although this increases resource consumption)
  4. Allowing requests to wait longer by increasing :queue_target and :queue_interval

See DBConnection.start_link/2 for more information
","1"
"no_busy_wait","single","2","32","4","write","pool","","[] connection not available and request was dropped from queue after 128ms. This means requests are coming in and your connection pool cannot serve them fast enough. You can address this by:

  1. Ensuring your database is available and that you can connect to it
  2. Tracking down slow queries and making sure they are running fast enough
  3. Increasing the pool_size (although this increases resource consumption)
  4. Allowing requests to wait longer by increasing :queue_target and :queue_interval

See DBConnection.start_link/2 for more information
","1"
"no_busy_wait","single","2","32","4","write","pool","","[] connection not available and request was dropped from queue after 134ms. This means requests are coming in and your connection pool cannot serve them fast enough. You can address this by:

  1. Ensuring your database is available and that you can connect to it
  2. Tracking down slow queries and making sure they are running fast enough
  3. Increasing the pool_size (although this increases resource consumption)
  4. Allowing requests to wait longer by increasing :queue_target and :queue_interval

See DBConnection.start_link/2 for more information
","1"
"no_busy_wait","single","2","32","4","write","pool","","[] connection not available and request was dropped from queue after 140ms. This means requests are coming in and your connection pool cannot serve them fast enough. You can address this by:

  1. Ensuring your database is available and that you can connect to it
  2. Tracking down slow queries and making sure they are running fast enough
  3. Increasing the pool_size (although this increases resource consumption)
  4. Allowing requests to wait longer by increasing :queue_target and :queue_interval

See DBConnection.start_link/2 for more information
","1"
"no_busy_wait","single","2","32","4","write","pool","","[] connection not available and request was dropped from queue after 146ms. This means requests are coming in and your connection pool cannot serve them fast enough. You can address this by:

  1. Ensuring your database is available and that you can connect to it
  2. Tracking down slow queries and making sure they are running fast enough
  3. Increasing the pool_size (although this increases resource consumption)
  4. Allowing requests to wait longer by increasing :queue_target and :queue_interval

See DBConnection.start_link/2 for more information
","1"
"no_busy_wait","single","2","32","4","write","pool","","[] connection not available and request was dropped from queue after 152ms. This means requests are coming in and your connection pool cannot serve them fast enough. You can address this by:

  1. Ensuring your database is available and that you can connect to it
  2. Tracking down slow queries and making sure they are running fast enough
  3. Increasing the pool_size (although this increases resource consumption)
  4. Allowing requests to wait longer by increasing :queue_target and :queue_interval

See DBConnection.start_link/2 for more information
","1"
"no_busy_wait","single","2","32","4","write","pool","","[] connection not available and request was dropped from queue after 158ms. This means requests are coming in and your connection pool cannot serve them fast enough. You can address this by:

  1. Ensuring your database is available and that you can connect to it
  2. Tracking down slow queries and making sure they are running fast enough
  3. Increasing the pool_size (although this increases resource consumption)
  4. Allowing requests to wait longer by increasing :queue_target and :queue_interval

See DBConnection.start_link/2 for more information
","1"
"no_busy_wait","single","2","32","4","write","pool","","[] connection not available and request was dropped from queue after 164ms. This means requests are coming in and your connection pool cannot serve them fast enough. You can address this by:

  1. Ensuring your database is available and that you can connect to it
  2. Tracking down slow queries and making sure they are running fast enough
  3. Increasing the pool_size (although this increases resource consumption)
  4. Allowing requests to wait longer by increasing :queue_target and :queue_interval

See DBConnection.start_link/2 for more information
","1"
"no_busy_wait","single","2","32","4","write","pool","","[] connection not available and request was dropped from queue after 170ms. This means requests are coming in and your connection pool cannot serve them fast enough. You can address this by:

  1. Ensuring your database is available and that you can connect to it
  2. Tracking down slow queries and making sure they are running fast enough
  3. Increasing the pool_size (although this increases resource consumption)
  4. Allowing requests to wait longer by increasing :queue_target and :queue_interval

See DBConnection.start_link/2 for more information
","1"
"no_busy_wait","single","2","32","4","write","pool","","[] connection not available and request was dropped from queue after 176ms. This means requests are coming in and your connection pool cannot serve them fast enough. You can address this by:

  1. Ensuring your database is available and that you can connect to it
  2. Tracking down slow queries and making sure they are running fast enough
  3. Increasing the pool_size (although this increases resource consumption)
  4. Allowing requests to wait longer by increasing :queue_target and :queue_interval

See DBConnection.start_link/2 for more information
","1"
"no_busy_wait","single","2","32","4","write","pool","","[] connection not available and request was dropped from queue after 183ms. This means requests are coming in and your connection pool cannot serve them fast enough. You can address this by:

  1. Ensuring your database is available and that you can connect to it
  2. Tracking down slow queries and making sure they are running fast enough
  3. Increasing the pool_size (although this increases resource consumption)
  4. Allowing requests to wait longer by increasing :queue_target and :queue_interval

See DBConnection.start_link/2 for more information
","1"
"no_busy_wait","single","2","32","4","write","pool","","[] connection not available and request was dropped from queue after 189ms. This means requests are coming in and your connection pool cannot serve them fast enough. You can address this by:

  1. Ensuring your database is available and that you can connect to it
  2. Tracking down slow queries and making sure they are running fast enough
  3. Increasing the pool_size (although this increases resource consumption)
  4. Allowing requests to wait longer by increasing :queue_target and :queue_interval

See DBConnection.start_link/2 for more information
","1"
"no_busy_wait","single","2","32","4","read","pool","","[] connection not available and request was dropped from queue after 102ms. This means requests are coming in and your connection pool cannot serve them fast enough. You can address this by:

  1. Ensuring your database is available and that you can connect to it
  2. Tracking down slow queries and making sure they are running fast enough
  3. Increasing the pool_size (although this increases resource consumption)
  4. Allowing requests to wait longer by increasing :queue_target and :queue_interval

See DBConnection.start_link/2 for more information
","8"
"no_busy_wait","pooled","2","32","4","write","sqlite","BEGIN IMMEDIATE TRANSACTION","database is locked","370"
"slow_transactions","pooled","1","8","0","write","sqlite","BEGIN IMMEDIATE TRANSACTION","database is locked","1"
"slow_transactions","single","1","8","0","write","pool","","[] connection not available and request was dropped from queue after 104ms. This means requests are coming in and your connection pool cannot serve them fast enough. You can address this by:

  1. Ensuring your database is available and that you can connect to it
  2. Tracking down slow queries and making sure they are running fast enough
  3. Increasing the pool_size (although this increases resource consumption)
  4. Allowing requests to wait longer by increasing :queue_target and :queue_interval

See DBConnection.start_link/2 for more information
","6"
"slow_transactions","single","1","8","0","write","pool","","[] connection not available and request was dropped from queue after 130ms. This means requests are coming in and your connection pool cannot serve them fast enough. You can address this by:

  1. Ensuring your database is available and that you can connect to it
  2. Tracking down slow queries and making sure they are running fast enough
  3. Increasing the pool_size (although this increases resource consumption)
  4. Allowing requests to wait longer by increasing :queue_target and :queue_interval

See DBConnection.start_link/2 for more information
","1"
"slow_transactions","single","1","8","0","write","pool","","[] connection not available and request was dropped from queue after 156ms. This means requests are coming in and your connection pool cannot serve them fast enough. You can address this by:

  1. Ensuring your database is available and that you can connect to it
  2. Tracking down slow queries and making sure they are running fast enough
  3. Increasing the pool_size (although this increases resource consumption)
  4. Allowing requests to wait longer by increasing :queue_target and :queue_interval

See DBConnection.start_link/2 for more information
","1"
"slow_transactions","single","1","8","0","write","pool","","[] connection not available and request was dropped from queue after 182ms. This means requests are coming in and your connection pool cannot serve them fast enough. You can address this by:

  1. Ensuring your database is available and that you can connect to it
  2. Tracking down slow queries and making sure they are running fast enough
  3. Increasing the pool_size (although this increases resource consumption)
  4. Allowing requests to wait longer by increasing :queue_target and :queue_interval

See DBConnection.start_link/2 for more information
","1"
"slow_transactions","single","2","8","0","write","pool","","[] connection not available and request was dropped from queue after 104ms. This means requests are coming in and your connection pool cannot serve them fast enough. You can address this by:

  1. Ensuring your database is available and that you can connect to it
  2. Tracking down slow queries and making sure they are running fast enough
  3. Increasing the pool_size (although this increases resource consumption)
  4. Allowing requests to wait longer by increasing :queue_target and :queue_interval

See DBConnection.start_link/2 for more information
","5"
"slow_transactions","single","2","8","0","write","pool","","[] connection not available and request was dropped from queue after 107ms. This means requests are coming in and your connection pool cannot serve them fast enough. You can address this by:

  1. Ensuring your database is available and that you can connect to it
  2. Tracking down slow queries and making sure they are running fast enough
  3. Increasing the pool_size (although this increases resource consumption)
  4. Allowing requests to wait longer by increasing :queue_target and :queue_interval

See DBConnection.start_link/2 for more information
","1"
"slow_transactions","single","2","8","0","write","pool","","[] connection not available and request was dropped from queue after 133ms. This means requests are coming in and your connection pool cannot serve them fast enough. You can address this by:

  1. Ensuring your database is available and that you can connect to it
  2. Tracking down slow queries and making sure they are running fast enough
  3. Increasing the pool_size (although this increases resource consumption)
  4. Allowing requests to wait longer by increasing :queue_target and :queue_interval

See DBConnection.start_link/2 for more information
","1"
"slow_transactions","single","2","8","0","write","pool","","[] connection not available and request was dropped from queue after 159ms. This means requests are coming in and your connection pool cannot serve them fast enough. You can address this by:

  1. Ensuring your database is available and that you can connect to it
  2. Tracking down slow queries and making sure they are running fast enough
  3. Increasing the pool_size (although this increases resource consumption)
  4. Allowing requests to wait longer by increasing :queue_target and :queue_interval

See DBConnection.start_link/2 for more information
","1"
"slow_transactions","single","2","8","0","write","pool","","[] connection not available and request was dropped from queue after 185ms. This means requests are coming in and your connection pool cannot serve them fast enough. You can address this by:

  1. Ensuring your database is available and that you can connect to it
  2. Tracking down slow queries and making sure they are running fast enough
  3. Increasing the pool_size (although this increases resource consumption)
  4. Allowing requests to wait longer by increasing :queue_target and :queue_interval

See DBConnection.start_link/2 for more information
","1"
"slow_transactions","pooled","2","8","0","write","sqlite","BEGIN IMMEDIATE TRANSACTION","database is locked","1"
"slow_transactions","pooled","1","8","4","write","sqlite","BEGIN IMMEDIATE TRANSACTION","database is locked","1"
"slow_transactions","single","1","8","4","write","pool","","[] connection not available and request was dropped from queue after 104ms. This means requests are coming in and your connection pool cannot serve them fast enough. You can address this by:

  1. Ensuring your database is available and that you can connect to it
  2. Tracking down slow queries and making sure they are running fast enough
  3. Increasing the pool_size (although this increases resource consumption)
  4. Allowing requests to wait longer by increasing :queue_target and :queue_interval

See DBConnection.start_link/2 for more information
","5"
"slow_transactions","single","1","8","4","write","pool","","[] connection not available and request was dropped from queue after 105ms. This means requests are coming in and your connection pool cannot serve them fast enough. You can address this by:

  1. Ensuring your database is available and that you can connect to it
  2. Tracking down slow queries and making sure they are running fast enough
  3. Increasing the pool_size (although this increases resource consumption)
  4. Allowing requests to wait longer by increasing :queue_target and :queue_interval

See DBConnection.start_link/2 for more information
","1"
"slow_transactions","single","1","8","4","write","pool","","[] connection not available and request was dropped from queue after 130ms. This means requests are coming in and your connection pool cannot serve them fast enough. You can address this by:

  1. Ensuring your database is available and that you can connect to it
  2. Tracking down slow queries and making sure they are running fast enough
  3. Increasing the pool_size (although this increases resource consumption)
  4. Allowing requests to wait longer by increasing :queue_target and :queue_interval

See DBConnection.start_link/2 for more information
","1"
"slow_transactions","single","1","8","4","write","pool","","[] connection not available and request was dropped from queue after 156ms. This means requests are coming in and your connection pool cannot serve them fast enough. You can address this by:

  1. Ensuring your database is available and that you can connect to it
  2. Tracking down slow queries and making sure they are running fast enough
  3. Increasing the pool_size (although this increases resource consumption)
  4. Allowing requests to wait longer by increasing :queue_target and :queue_interval

See DBConnection.start_link/2 for more information
","1"
"slow_transactions","single","1","8","4","write","pool","","[] connection not available and request was dropped from queue after 182ms. This means requests are coming in and your connection pool cannot serve them fast enough. You can address this by:

  1. Ensuring your database is available and that you can connect to it
  2. Tracking down slow queries and making sure they are running fast enough
  3. Increasing the pool_size (although this increases resource consumption)
  4. Allowing requests to wait longer by increasing :queue_target and :queue_interval

See DBConnection.start_link/2 for more information
","1"
"slow_transactions","single","1","8","4","read","pool","","[] connection not available and request was dropped from queue after 104ms. This means requests are coming in and your connection pool cannot serve them fast enough. You can address this by:

  1. Ensuring your database is available and that you can connect to it
  2. Tracking down slow queries and making sure they are running fast enough
  3. Increasing the pool_size (although this increases resource consumption)
  4. Allowing requests to wait longer by increasing :queue_target and :queue_interval

See DBConnection.start_link/2 for more information
","4"
"slow_transactions","single","1","8","4","read","pool","","[] connection not available and request was dropped from queue after 105ms. This means requests are coming in and your connection pool cannot serve them fast enough. You can address this by:

  1. Ensuring your database is available and that you can connect to it
  2. Tracking down slow queries and making sure they are running fast enough
  3. Increasing the pool_size (although this increases resource consumption)
  4. Allowing requests to wait longer by increasing :queue_target and :queue_interval

See DBConnection.start_link/2 for more information
","4"
"slow_transactions","single","1","8","4","read","pool","","[] connection not available and request was dropped from queue after 182ms. This means requests are coming in and your connection pool cannot serve them fast enough. You can address this by:

  1. Ensuring your database is available and that you can connect to it
  2. Tracking down slow queries and making sure they are running fast enough
  3. Increasing the pool_size (although this increases resource consumption)
  4. Allowing requests to wait longer by increasing :queue_target and :queue_interval

See DBConnection.start_link/2 for more information
","4"
"slow_transactions","single","2","8","4","write","pool","","[] connection not available and request was dropped from queue after 104ms. This means requests are coming in and your connection pool cannot serve them fast enough. You can address this by:

  1. Ensuring your database is available and that you can connect to it
  2. Tracking down slow queries and making sure they are running fast enough
  3. Increasing the pool_size (although this increases resource consumption)
  4. Allowing requests to wait longer by increasing :queue_target and :queue_interval

See DBConnection.start_link/2 for more information
","6"
"slow_transactions","single","2","8","4","write","pool","","[] connection not available and request was dropped from queue after 130ms. This means requests are coming in and your connection pool cannot serve them fast enough. You can address this by:

  1. Ensuring your database is available and that you can connect to it
  2. Tracking down slow queries and making sure they are running fast enough
  3. Increasing the pool_size (although this increases resource consumption)
  4. Allowing requests to wait longer by increasing :queue_target and :queue_interval

See DBConnection.start_link/2 for more information
","1"
"slow_transactions","single","2","8","4","write","pool","","[] connection not available and request was dropped from queue after 156ms. This means requests are coming in and your connection pool cannot serve them fast enough. You can address this by:

  1. Ensuring your database is available and that you can connect to it
  2. Tracking down slow queries and making sure they are running fast enough
  3. Increasing the pool_size (although this increases resource consumption)
  4. Allowing requests to wait longer by increasing :queue_target and :queue_interval

See DBConnection.start_link/2 for more information
","1"
"slow_transactions","single","2","8","4","write","pool","","[] connection not available and request was dropped from queue after 183ms. This means requests are coming in and your connection pool cannot serve them fast enough. You can address this by:

  1. Ensuring your database is available and that you can connect to it
  2. Tracking down slow queries and making sure they are running fast enough
  3. Increasing the pool_size (although this increases resource consumption)
  4. Allowing requests to wait longer by increasing :queue_target and :queue_interval

See DBConnection.start_link/2 for more information
","1"
"slow_transactions","single","2","8","4","read","pool","","[] connection not available and request was dropped from queue after 104ms. This means requests are coming in and your connection pool cannot serve them fast enough. You can address this by:

  1. Ensuring your database is available and that you can connect to it
  2. Tracking down slow queries and making sure they are running fast enough
  3. Increasing the pool_size (although this increases resource consumption)
  4. Allowing requests to wait longer by increasing :queue_target and :queue_interval

See DBConnection.start_link/2 for more information
","8"
"slow_transactions","single","2","8","4","read","pool","","[] connection not available and request was dropped from queue after 183ms. This means requests are coming in and your connection pool cannot serve them fast enough. You can address this by:

  1. Ensuring your database is available and that you can connect to it
  2. Tracking down slow queries and making sure they are running fast enough
  3. Increasing the pool_size (although this increases resource consumption)
  4. Allowing requests to wait longer by increasing :queue_target and :queue_interval

See DBConnection.start_link/2 for more information
","4"
"slow_transactions","pooled","2","8","4","write","sqlite","BEGIN IMMEDIATE TRANSACTION","database is locked","1"
"slow_transactions","pooled","1","32","0","write","pool","","[] connection not available and request was dropped from queue after 104ms. This means requests are coming in and your connection pool cannot serve them fast enough. You can address this by:

  1. Ensuring your database is available and that you can connect to it
  2. Tracking down slow queries and making sure they are running fast enough
  3. Increasing the pool_size (although this increases resource consumption)
  4. Allowing requests to wait longer by increasing :queue_target and :queue_interval

See DBConnection.start_link/2 for more information
","97"
"slow_transactions","pooled","1","32","0","write","pool","","[] connection not available and request was dropped from queue after 105ms. This means requests are coming in and your connection pool cannot serve them fast enough. You can address this by:

  1. Ensuring your database is available and that you can connect to it
  2. Tracking down slow queries and making sure they are running fast enough
  3. Increasing the pool_size (although this increases resource consumption)
  4. Allowing requests to wait longer by increasing :queue_target and :queue_interval

See DBConnection.start_link/2 for more information
","76"
"slow_transactions","pooled","1","32","0","write","pool","","[] connection not available and request was dropped from queue after 106ms. This means requests are coming in and your connection pool cannot serve them fast enough. You can address this by:

  1. Ensuring your database is available and that you can connect to it
  2. Tracking down slow queries and making sure they are running fast enough
  3. Increasing the pool_size (although this increases resource consumption)
  4. Allowing requests to wait longer by increasing :queue_target and :queue_interval

See DBConnection.start_link/2 for more information
","2"
"slow_transactions","pooled","1","32","0","write","pool","","[] connection not available and request was dropped from queue after 107ms. This means requests are coming in and your connection pool cannot serve them fast enough. You can address this by:

  1. Ensuring your database is available and that you can connect to it
  2. Tracking down slow queries and making sure they are running fast enough
  3. Increasing the pool_size (although this increases resource consumption)
  4. Allowing requests to wait longer by increasing :queue_target and :queue_interval

See DBConnection.start_link/2 for more information
","24"
"slow_transactions","pooled","1","32","0","write","pool","","[] connection not available and request was dropped from queue after 116ms. This means requests are coming in and your connection pool cannot serve them fast enough. You can address this by:

  1. Ensuring your database is available and that you can connect to it
  2. Tracking down slow queries and making sure they are running fast enough
  3. Increasing the pool_size (although this increases resource consumption)
  4. Allowing requests to wait longer by increasing :queue_target and :queue_interval

See DBConnection.start_link/2 for more information
","2"
"slow_transactions","pooled","1","32","0","write","pool","","[] connection not available and request was dropped from queue after 130ms. This means requests are coming in and your connection pool cannot serve them fast enough. You can address this by:

  1. Ensuring your database is available and that you can connect to it
  2. Tracking down slow queries and making sure they are running fast enough
  3. Increasing the pool_size (although this increases resource consumption)
  4. Allowing requests to wait longer by increasing :queue_target and :queue_interval

See DBConnection.start_link/2 for more information
","1"
"slow_transactions","pooled","1","32","0","write","pool","","[] connection not available and request was dropped from queue after 156ms. This means requests are coming in and your connection pool cannot serve them fast enough. You can address this by:

  1. Ensuring your database is available and that you can connect to it
  2. Tracking down slow queries and making sure they are running fast enough
  3. Increasing the pool_size (although this increases resource consumption)
  4. Allowing requests to wait longer by increasing :queue_target and :queue_interval

See DBConnection.start_link/2 for more information
","1"
"slow_transactions","pooled","1","32","0","write","pool","","[] connection not available and request was dropped from queue after 191ms. This means requests are coming in and your connection pool cannot serve them fast enough. You can address this by:

  1. Ensuring your database is available and that you can connect to it
  2. Tracking down slow queries and making sure they are running fast enough
  3. Increasing the pool_size (although this increases resource consumption)
  4. Allowing requests to wait longer by increasing :queue_target and :queue_interval

See DBConnection.start_link/2 for more information
","1"
"slow_transactions","pooled","1","32","0","write","pool","","[] connection not available and request was dropped from queue after 217ms. This means requests are coming in and your connection pool cannot serve them fast enough. You can address this by:

  1. Ensuring your database is available and that you can connect to it
  2. Tracking down slow queries and making sure they are running fast enough
  3. Increasing the pool_size (although this increases resource consumption)
  4. Allowing requests to wait longer by increasing :queue_target and :queue_interval

See DBConnection.start_link/2 for more information
","1"
"slow_transactions","pooled","1","32","0","write","pool","","[] connection not available and request was dropped from queue after 243ms. This means requests are coming in and your connection pool cannot serve them fast enough. You can address this by:

  1. Ensuring your database is available and that you can connect to it
  2. Tracking down slow queries and making sure they are running fast enough
  3. Increasing the pool_size (although this increases resource consumption)
  4. Allowing requests to wait longer by increasing :queue_target and :queue_interval

See DBConnection.start_link/2 for more information
","1"
"slow_transactions","pooled","1","32","0","write","pool","","[] connection not available and request was dropped from queue after 269ms. This means requests are coming in and your connection pool cannot serve them fast enough. You can address this by:

  1. Ensuring your database is available and that you can connect to it
  2. Tracking down slow queries and making sure they are running fast enough
  3. Increasing the pool_size (although this increases resource consumption)
  4. Allowing requests to wait longer by increasing :queue_target and :queue_interval

See DBConnection.start_link/2 for more information
","1"
"slow_transactions","pooled","1","32","0","write","pool","","[] connection not available and request was dropped from queue after 295ms. This means requests are coming in and your connection pool cannot serve them fast enough. You can address this by:

  1. Ensuring your database is available and that you can connect to it
  2. Tracking down slow queries and making sure they are running fast enough
  3. Increasing the pool_size (although this increases resource consumption)
  4. Allowing requests to wait longer by increasing :queue_target and :queue_interval

See DBConnection.start_link/2 for more information
","1"
"slow_transactions","pooled","1","32","0","write","pool","","[] connection not available and request was dropped from queue after 321ms. This means requests are coming in and your connection pool cannot serve them fast enough. You can address this by:

  1. Ensuring your database is available and that you can connect to it
  2. Tracking down slow queries and making sure they are running fast enough
  3. Increasing the pool_size (although this increases resource consumption)
  4. Allowing requests to wait longer by increasing :queue_target and :queue_interval

See DBConnection.start_link/2 for more information
","1"
"slow_transactions","pooled","1","32","0","write","pool","","[] connection not available and request was dropped from queue after 347ms. This means requests are coming in and your connection pool cannot serve them fast enough. You can address this by:

  1. Ensuring your database is available and that you can connect to it
  2. Tracking down slow queries and making sure they are running fast enough
  3. Increasing the pool_size (although this increases resource consumption)
  4. Allowing requests to wait longer by increasing :queue_target and :queue_interval

See DBConnection.start_link/2 for more information
","1"
"slow_transactions","pooled","1","32","0","write","pool","","[] connection not available and request was dropped from queue after 374ms. This means requests are coming in and your connection pool cannot serve them fast enough. You can address this by:

  1. Ensuring your database is available and that you can connect to it
  2. Tracking down slow queries and making sure they are running fast enough
  3. Increasing the pool_size (although this increases resource consumption)
  4. Allowing requests to wait longer by increasing :queue_target and :queue_interval

See DBConnection.start_link/2 for more information
","1"
"slow_transactions","pooled","1","32","0","write","pool","","[] connection not available and request was dropped from queue after 400ms. This means requests are coming in and your connection pool cannot serve them fast enough. You can address this by:

  1. Ensuring your database is available and that you can connect to it
  2. Tracking down slow queries and making sure they are running fast enough
  3. Increasing the pool_size (although this increases resource consumption)
  4. Allowing requests to wait longer by increasing :queue_target and :queue_interval

See DBConnection.start_link/2 for more information
","1"
"slow_transactions","pooled","1","32","0","write","pool","","[] connection not available and request was dropped from queue after 426ms. This means requests are coming in and your connection pool cannot serve them fast enough. You can address this by:

  1. Ensuring your database is available and that you can connect to it
  2. Tracking down slow queries and making sure they are running fast enough
  3. Increasing the pool_size (although this increases resource consumption)
  4. Allowing requests to wait longer by increasing :queue_target and :queue_interval

See DBConnection.start_link/2 for more information
","1"
"slow_transactions","pooled","1","32","0","write","pool","","[] connection not available and request was dropped from queue after 452ms. This means requests are coming in and your connection pool cannot serve them fast enough. You can address this by:

  1. Ensuring your database is available and that you can connect to it
  2. Tracking down slow queries and making sure they are running fast enough
  3. Increasing the pool_size (although this increases resource consumption)
  4. Allowing requests to wait longer by increasing :queue_target and :queue_interval

See DBConnection.start_link/2 for more information
","1"
"slow_transactions","pooled","1","32","0","write","pool","","[] connection not available and request was dropped from queue after 478ms. This means requests are coming in and your connection pool cannot serve them fast enough. You can address this by:

  1. Ensuring your database is available and that you can connect to it
  2. Tracking down slow queries and making sure they are running fast enough
  3. Increasing the pool_size (although this increases resource consumption)
  4. Allowing requests to wait longer by increasing :queue_target and :queue_interval

See DBConnection.start_link/2 for more information
","1"
"slow_transactions","pooled","1","32","0","write","pool","","[] connection not available and request was dropped from queue after 504ms. This means requests are coming in and your connection pool cannot serve them fast enough. You can address this by:

  1. Ensuring your database is available and that you can connect to it
  2. Tracking down slow queries and making sure they are running fast enough
  3. Increasing the pool_size (although this increases resource consumption)
  4. Allowing requests to wait longer by increasing :queue_target and :queue_interval

See DBConnection.start_link/2 for more information
","1"
"slow_transactions","pooled","1","32","0","write","pool","","[] connection not available and request was dropped from queue after 530ms. This means requests are coming in and your connection pool cannot serve them fast enough. You can address this by:

  1. Ensuring your database is available and that you can connect to it
  2. Tracking down slow queries and making sure they are running fast enough
  3. Increasing the pool_size (although this increases resource consumption)
  4. Allowing requests to wait longer by increasing :queue_target and :queue_interval

See DBConnection.start_link/2 for more information
","1"
"slow_transactions","pooled","1","32","0","write","pool","","[] connection not available and request was dropped from queue after 556ms. This means requests are coming in and your connection pool cannot serve them fast enough. You can address this by:

  1. Ensuring your database is available and that you can connect to it
  2. Tracking down slow queries and making sure they are running fast enough
  3. Increasing the pool_size (although this increases resource consumption)
  4. Allowing requests to wait longer by increasing :queue_target and :queue_interval

See DBConnection.start_link/2 for more information
","1"
"slow_transactions","pooled","1","32","0","write","pool","","[] connection not available and request was dropped from queue after 582ms. This means requests are coming in and your connection pool cannot serve them fast enough. You can address this by:

  1. Ensuring your database is available and that you can connect to it
  2. Tracking down slow queries and making sure they are running fast enough
  3. Increasing the pool_size (although this increases resource consumption)
  4. Allowing requests to wait longer by increasing :queue_target and :queue_interval

See DBConnection.start_link/2 for more information
","1"
"slow_transactions","pooled","1","32","0","write","pool","","[] connection not available and request was dropped from queue after 608ms. This means requests are coming in and your connection pool cannot serve them fast enough. You can address this by:

  1. Ensuring your database is available and that you can connect to it
  2. Tracking down slow queries and making sure they are running fast enough
  3. Increasing the pool_size (although this increases resource consumption)
  4. Allowing requests to wait longer by increasing :queue_target and :queue_interval

See DBConnection.start_link/2 for more information
","1"
"slow_transactions","pooled","1","32","0","write","sqlite","BEGIN IMMEDIATE TRANSACTION","database is locked","4"
"slow_transactions","single","1","32","0","write","pool","","[] connection not available and request was dropped from queue after 104ms. This means requests are coming in and your connection pool cannot serve them fast enough. You can address this by:

  1. Ensuring your database is available and that you can connect to it
  2. Tracking down slow queries and making sure they are running fast enough
  3. Increasing the pool_size (although this increases resource consumption)
  4. Allowing requests to wait longer by increasing :queue_target and :queue_interval

See DBConnection.start_link/2 for more information
","2"
"slow_transactions","single","1","32","0","write","pool","","[] connection not available and request was dropped from queue after 105ms. This means requests are coming in and your connection pool cannot serve them fast enough. You can address this by:

  1. Ensuring your database is available and that you can connect to it
  2. Tracking down slow queries and making sure they are running fast enough
  3. Increasing the pool_size (although this increases resource consumption)
  4. Allowing requests to wait longer by increasing :queue_target and :queue_interval

See DBConnection.start_link/2 for more information
","137"
"slow_transactions","single","1","32","0","write","pool","","[] connection not available and request was dropped from queue after 106ms. This means requests are coming in and your connection pool cannot serve them fast enough. You can address this by:

  1. Ensuring your database is available and that you can connect to it
  2. Tracking down slow queries and making sure they are running fast enough
  3. Increasing the pool_size (although this increases resource consumption)
  4. Allowing requests to wait longer by increasing :queue_target and :queue_interval

See DBConnection.start_link/2 for more information
","28"
"slow_transactions","single","1","32","0","write","pool","","[] connection not available and request was dropped from queue after 107ms. This means requests are coming in and your connection pool cannot serve them fast enough. You can address this by:

  1. Ensuring your database is available and that you can connect to it
  2. Tracking down slow queries and making sure they are running fast enough
  3. Increasing the pool_size (although this increases resource consumption)
  4. Allowing requests to wait longer by increasing :queue_target and :queue_interval

See DBConnection.start_link/2 for more information
","22"
"slow_transactions","single","1","32","0","write","pool","","[] connection not available and request was dropped from queue after 108ms. This means requests are coming in and your connection pool cannot serve them fast enough. You can address this by:

  1. Ensuring your database is available and that you can connect to it
  2. Tracking down slow queries and making sure they are running fast enough
  3. Increasing the pool_size (although this increases resource consumption)
  4. Allowing requests to wait longer by increasing :queue_target and :queue_interval

See DBConnection.start_link/2 for more information
","38"
"slow_transactions","single","1","32","0","write","pool","","[] connection not available and request was dropped from queue after 109ms. This means requests are coming in and your connection pool cannot serve them fast enough. You can address this by:

  1. Ensuring your database is available and that you can connect to it
  2. Tracking down slow queries and making sure they are running fast enough
  3. Increasing the pool_size (although this increases resource consumption)
  4. Allowing requests to wait longer by increasing :queue_target and :queue_interval

See DBConnection.start_link/2 for more information
","18"
"slow_transactions","single","1","32","0","write","pool","","[] connection not available and request was dropped from queue after 133ms. This means requests are coming in and your connection pool cannot serve them fast enough. You can address this by:

  1. Ensuring your database is available and that you can connect to it
  2. Tracking down slow queries and making sure they are running fast enough
  3. Increasing the pool_size (although this increases resource consumption)
  4. Allowing requests to wait longer by increasing :queue_target and :queue_interval

See DBConnection.start_link/2 for more information
","1"
"slow_transactions","single","1","32","0","write","pool","","[] connection not available and request was dropped from queue after 159ms. This means requests are coming in and your connection pool cannot serve them fast enough. You can address this by:

  1. Ensuring your database is available and that you can connect to it
  2. Tracking down slow queries and making sure they are running fast enough
  3. Increasing the pool_size (although this increases resource consumption)
  4. Allowing requests to wait longer by increasing :queue_target and :queue_interval

See DBConnection.start_link/2 for more information
","1"
"slow_transactions","single","1","32","0","write","pool","","[] connection not available and request was dropped from queue after 185ms. This means requests are coming in and your connection pool cannot serve them fast enough. You can address this by:

  1. Ensuring your database is available and that you can connect to it
  2. Tracking down slow queries and making sure they are running fast enough
  3. Increasing the pool_size (although this increases resource consumption)
  4. Allowing requests to wait longer by increasing :queue_target and :queue_interval

See DBConnection.start_link/2 for more information
","1"
"slow_transactions","single","1","32","0","write","pool","","[] connection not available and request was dropped from queue after 211ms. This means requests are coming in and your connection pool cannot serve them fast enough. You can address this by:

  1. Ensuring your database is available and that you can connect to it
  2. Tracking down slow queries and making sure they are running fast enough
  3. Increasing the pool_size (although this increases resource consumption)
  4. Allowing requests to wait longer by increasing :queue_target and :queue_interval

See DBConnection.start_link/2 for more information
","1"
"slow_transactions","single","1","32","0","write","pool","","[] connection not available and request was dropped from queue after 237ms. This means requests are coming in and your connection pool cannot serve them fast enough. You can address this by:

  1. Ensuring your database is available and that you can connect to it
  2. Tracking down slow queries and making sure they are running fast enough
  3. Increasing the pool_size (although this increases resource consumption)
  4. Allowing requests to wait longer by increasing :queue_target and :queue_interval

See DBConnection.start_link/2 for more information
","1"
"slow_transactions","single","1","32","0","write","pool","","[] connection not available and request was dropped from queue after 263ms. This means requests are coming in and your connection pool cannot serve them fast enough. You can address this by:

  1. Ensuring your database is available and that you can connect to it
  2. Tracking down slow queries and making sure they are running fast enough
  3. Increasing the pool_size (although this increases resource consumption)
  4. Allowing requests to wait longer by increasing :queue_target and :queue_interval

See DBConnection.start_link/2 for more information
","1"
"slow_transactions","single","1","32","0","write","pool","","[] connection not available and request was dropped from queue after 289ms. This means requests are coming in and your connection pool cannot serve them fast enough. You can address this by:

  1. Ensuring your database is available and that you can connect to it
  2. Tracking down slow queries and making sure they are running fast enough
  3. Increasing the pool_size (although this increases resource consumption)
  4. Allowing requests to wait longer by increasing :queue_target and :queue_interval

See DBConnection.start_link/2 for more information
","1"
"slow_transactions","single","1","32","0","write","pool","","[] connection not available and request was dropped from queue after 315ms. This means requests are coming in and your connection pool cannot serve them fast enough. You can address this by:

  1. Ensuring your database is available and that you can connect to it
  2. Tracking down slow queries and making sure they are running fast enough
  3. Increasing the pool_size (although this increases resource consumption)
  4. Allowing requests to wait longer by increasing :queue_target and :queue_interval

See DBConnection.start_link/2 for more information
","1"
"slow_transactions","single","1","32","0","write","pool","","[] connection not available and request was dropped from queue after 341ms. This means requests are coming in and your connection pool cannot serve them fast enough. You can address this by:

  1. Ensuring your database is available and that you can connect to it
  2. Tracking down slow queries and making sure they are running fast enough
  3. Increasing the pool_size (although this increases resource consumption)
  4. Allowing requests to wait longer by increasing :queue_target and :queue_interval

See DBConnection.start_link/2 for more information
","1"
"slow_transactions","single","1","32","0","write","pool","","[] connection not available and request was dropped from queue after 367ms. This means requests are coming in and your connection pool cannot serve them fast enough. You can address this by:

  1. Ensuring your database is available and that you can connect to it
  2. Tracking down slow queries and making sure they are running fast enough
  3. Increasing the pool_size (although this increases resource consumption)
  4. Allowing requests to wait longer by increasing :queue_target and :queue_interval

See DBConnection.start_link/2 for more information
","1"
"slow_transactions","single","1","32","0","write","pool","","[] connection not available and request was dropped from queue after 393ms. This means requests are coming in and your connection pool cannot serve them fast enough. You can address this by:

  1. Ensuring your database is available and that you can connect to it
  2. Tracking down slow queries and making sure they are running fast enough
  3. Increasing the pool_size (although this increases resource consumption)
  4. Allowing requests to wait longer by increasing :queue_target and :queue_interval

See DBConnection.start_link/2 for more information
","1"
"slow_transactions","single","1","32","0","write","pool","","[] connection not available and request was dropped from queue after 419ms. This means requests are coming in and your connection pool cannot serve them fast enough. You can address this by:

  1. Ensuring your database is available and that you can connect to it
  2. Tracking down slow queries and making sure they are running fast enough
  3. Increasing the pool_size (although this increases resource consumption)
  4. Allowing requests to wait longer by increasing :queue_target and :queue_interval

See DBConnection.start_link/2 for more information
","1"
"slow_transactions","single","1","32","0","write","pool","","[] connection not available and request was dropped from queue after 445ms. This means requests are coming in and your connection pool cannot serve them fast enough. You can address this by:

  1. Ensuring your database is available and that you can connect to it
  2. Tracking down slow queries and making sure they are running fast enough
  3. Increasing the pool_size (although this increases resource consumption)
  4. Allowing requests to wait longer by increasing :queue_target and :queue_interval

See DBConnection.start_link/2 for more information
","1"
"slow_transactions","single","1","32","0","write","pool","","[] connection not available and request was dropped from queue after 471ms. This means requests are coming in and your connection pool cannot serve them fast enough. You can address this by:

  1. Ensuring your database is available and that you can connect to it
  2. Tracking down slow queries and making sure they are running fast enough
  3. Increasing the pool_size (although this increases resource consumption)
  4. Allowing requests to wait longer by increasing :queue_target and :queue_interval

See DBConnection.start_link/2 for more information
","1"
"slow_transactions","single","1","32","0","write","pool","","[] connection not available and request was dropped from queue after 498ms. This means requests are coming in and your connection pool cannot serve them fast enough. You can address this by:

  1. Ensuring your database is available and that you can connect to it
  2. Tracking down slow queries and making sure they are running fast enough
  3. Increasing the pool_size (although this increases resource consumption)
  4. Allowing requests to wait longer by increasing :queue_target and :queue_interval

See DBConnection.start_link/2 for more information
","1"
"slow_transactions","single","1","32","0","write","pool","","[] connection not available and request was dropped from queue after 524ms. This means requests are coming in and your connection pool cannot serve them fast enough. You can address this by:

  1. Ensuring your database is available and that you can connect to it
  2. Tracking down slow queries and making sure they are running fast enough
  3. Increasing the pool_size (although this increases resource consumption)
  4. Allowing requests to wait longer by increasing :queue_target and :queue_interval

See DBConnection.start_link/2 for more information
","1"
"slow_transactions","single","1","32","0","write","pool","","[] connection not available and request was dropped from queue after 550ms. This means requests are coming in and your connection pool cannot serve them fast enough. You can address this by:

  1. Ensuring your database is available and that you can connect to it
  2. Tracking down slow queries and making sure they are running fast enough
  3. Increasing the pool_size (although this increases resource consumption)
  4. Allowing requests to wait longer by increasing :queue_target and :queue_interval

See DBConnection.start_link/2 for more information
","1"
"slow_transactions","single","1","32","0","write","pool","","[] connection not available and request was dropped from queue after 576ms. This means requests are coming in and your connection pool cannot serve them fast enough. You can address this by:

  1. Ensuring your database is available and that you can connect to it
  2. Tracking down slow queries and making sure they are running fast enough
  3. Increasing the pool_size (although this increases resource consumption)
  4. Allowing requests to wait longer by increasing :queue_target and :queue_interval

See DBConnection.start_link/2 for more information
","1"
"slow_transactions","single","1","32","0","write","pool","","[] connection not available and request was dropped from queue after 602ms. This means requests are coming in and your connection pool cannot serve them fast enough. You can address this by:

  1. Ensuring your database is available and that you can connect to it
  2. Tracking down slow queries and making sure they are running fast enough
  3. Increasing the pool_size (although this increases resource consumption)
  4. Allowing requests to wait longer by increasing :queue_target and :queue_interval

See DBConnection.start_link/2 for more information
","1"
"slow_transactions","single","1","32","0","write","pool","","[] connection not available and request was dropped from queue after 628ms. This means requests are coming in and your connection pool cannot serve them fast enough. You can address this by:

  1. Ensuring your database is available and that you can connect to it
  2. Tracking down slow queries and making sure they are running fast enough
  3. Increasing the pool_size (although this increases resource consumption)
  4. Allowing requests to wait longer by increasing :queue_target and :queue_interval

See DBConnection.start_link/2 for more information
","1"
"slow_transactions","single","1","32","0","write","pool","","[] connection not available and request was dropped from queue after 656ms. This means requests are coming in and your connection pool cannot serve them fast enough. You can address this by:

  1. Ensuring your database is available and that you can connect to it
  2. Tracking down slow queries and making sure they are running fast enough
  3. Increasing the pool_size (although this increases resource consumption)
  4. Allowing requests to wait longer by increasing :queue_target and :queue_interval

See DBConnection.start_link/2 for more information
","1"
"slow_transactions","single","1","32","0","write","pool","","[] connection not available and request was dropped from queue after 684ms. This means requests are coming in and your connection pool cannot serve them fast enough. You can address this by:

  1. Ensuring your database is available and that you can connect to it
  2. Tracking down slow queries and making sure they are running fast enough
  3. Increasing the pool_size (although this increases resource consumption)
  4. Allowing requests to wait longer by increasing :queue_target and :queue_interval

See DBConnection.start_link/2 for more information
","1"
"slow_transactions","single","1","32","0","write","pool","","[] connection not available and request was dropped from queue after 710ms. This means requests are coming in and your connection pool cannot serve them fast enough. You can address this by:

  1. Ensuring your database is available and that you can connect to it
  2. Tracking down slow queries and making sure they are running fast enough
  3. Increasing the pool_size (although this increases resource consumption)
  4. Allowing requests to wait longer by increasing :queue_target and :queue_interval

See DBConnection.start_link/2 for more information
","1"
"slow_transactions","single","1","32","0","write","pool","","[] connection not available and request was dropped from queue after 737ms. This means requests are coming in and your connection pool cannot serve them fast enough. You can address this by:

  1. Ensuring your database is available and that you can connect to it
  2. Tracking down slow queries and making sure they are running fast enough
  3. Increasing the pool_size (although this increases resource consumption)
  4. Allowing requests to wait longer by increasing :queue_target and :queue_interval

See DBConnection.start_link/2 for more information
","1"
"slow_transactions","single","1","32","0","write","pool","","[] connection not available and request was dropped from queue after 763ms. This means requests are coming in and your connection pool cannot serve them fast enough. You can address this by:

  1. Ensuring your database is available and that you can connect to it
  2. Tracking down slow queries and making sure they are running fast enough
  3. Increasing the pool_size (although this increases resource consumption)
  4. Allowing requests to wait longer by increasing :queue_target and :queue_interval

See DBConnection.start_link/2 for more information
","1"
"slow_transactions","single","1","32","0","write","pool","","[] connection not available and request was dropped from queue after 789ms. This means requests are coming in and your connection pool cannot serve them fast enough. You can address this by:

  1. Ensuring your database is available and that you can connect to it
  2. Tracking down slow queries and making sure they are running fast enough
  3. Increasing the pool_size (although this increases resource consumption)
  4. Allowing requests to wait longer by increasing :queue_target and :queue_interval

See DBConnection.start_link/2 for more information
","1"
"slow_transactions","single","1","32","0","write","pool","","[] connection not available and request was dropped from queue after 815ms. This means requests are coming in and your connection pool cannot serve them fast enough. You can address this by:

  1. Ensuring your database is available and that you can connect to it
  2. Tracking down slow queries and making sure they are running fast enough
  3. Increasing the pool_size (although this increases resource consumption)
  4. Allowing requests to wait longer by increasing :queue_target and :queue_interval

See DBConnection.start_link/2 for more information
","1"
"slow_transactions","single","2","32","0","write","pool","","[] connection not available and request was dropped from queue after 104ms. This means requests are coming in and your connection pool cannot serve them fast enough. You can address this by:

  1. Ensuring your database is available and that you can connect to it
  2. Tracking down slow queries and making sure they are running fast enough
  3. Increasing the pool_size (although this increases resource consumption)
  4. Allowing requests to wait longer by increasing :queue_target and :queue_interval

See DBConnection.start_link/2 for more information
","158"
"slow_transactions","single","2","32","0","write","pool","","[] connection not available and request was dropped from queue after 105ms. This means requests are coming in and your connection pool cannot serve them fast enough. You can address this by:

  1. Ensuring your database is available and that you can connect to it
  2. Tracking down slow queries and making sure they are running fast enough
  3. Increasing the pool_size (although this increases resource consumption)
  4. Allowing requests to wait longer by increasing :queue_target and :queue_interval

See DBConnection.start_link/2 for more information
","56"
"slow_transactions","single","2","32","0","write","pool","","[] connection not available and request was dropped from queue after 106ms. This means requests are coming in and your connection pool cannot serve them fast enough. You can address this by:

  1. Ensuring your database is available and that you can connect to it
  2. Tracking down slow queries and making sure they are running fast enough
  3. Increasing the pool_size (although this increases resource consumption)
  4. Allowing requests to wait longer by increasing :queue_target and :queue_interval

See DBConnection.start_link/2 for more information
","28"
"slow_transactions","single","2","32","0","write","pool","","[] connection not available and request was dropped from queue after 130ms. This means requests are coming in and your connection pool cannot serve them fast enough. You can address this by:

  1. Ensuring your database is available and that you can connect to it
  2. Tracking down slow queries and making sure they are running fast enough
  3. Increasing the pool_size (although this increases resource consumption)
  4. Allowing requests to wait longer by increasing :queue_target and :queue_interval

See DBConnection.start_link/2 for more information
","1"
"slow_transactions","single","2","32","0","write","pool","","[] connection not available and request was dropped from queue after 156ms. This means requests are coming in and your connection pool cannot serve them fast enough. You can address this by:

  1. Ensuring your database is available and that you can connect to it
  2. Tracking down slow queries and making sure they are running fast enough
  3. Increasing the pool_size (although this increases resource consumption)
  4. Allowing requests to wait longer by increasing :queue_target and :queue_interval

See DBConnection.start_link/2 for more information
","1"
"slow_transactions","single","2","32","0","write","pool","","[] connection not available and request was dropped from queue after 182ms. This means requests are coming in and your connection pool cannot serve them fast enough. You can address this by:

  1. Ensuring your database is available and that you can connect to it
  2. Tracking down slow queries and making sure they are running fast enough
  3. Increasing the pool_size (although this increases resource consumption)
  4. Allowing requests to wait longer by increasing :queue_target and :queue_interval

See DBConnection.start_link/2 for more information
","1"
"slow_transactions","single","2","32","0","write","pool","","[] connection not available and request was dropped from queue after 208ms. This means requests are coming in and your connection pool cannot serve them fast enough. You can address this by:

  1. Ensuring your database is available and that you can connect to it
  2. Tracking down slow queries and making sure they are running fast enough
  3. Increasing the pool_size (although this increases resource consumption)
  4. Allowing requests to wait longer by increasing :queue_target and :queue_interval

See DBConnection.start_link/2 for more information
","1"
"slow_transactions","single","2","32","0","write","pool","","[] connection not available and request was dropped from queue after 234ms. This means requests are coming in and your connection pool cannot serve them fast enough. You can address this by:

  1. Ensuring your database is available and that you can connect to it
  2. Tracking down slow queries and making sure they are running fast enough
  3. Increasing the pool_size (although this increases resource consumption)
  4. Allowing requests to wait longer by increasing :queue_target and :queue_interval

See DBConnection.start_link/2 for more information
","1"
"slow_transactions","single","2","32","0","write","pool","","[] connection not available and request was dropped from queue after 260ms. This means requests are coming in and your connection pool cannot serve them fast enough. You can address this by:

  1. Ensuring your database is available and that you can connect to it
  2. Tracking down slow queries and making sure they are running fast enough
  3. Increasing the pool_size (although this increases resource consumption)
  4. Allowing requests to wait longer by increasing :queue_target and :queue_interval

See DBConnection.start_link/2 for more information
","1"
"slow_transactions","single","2","32","0","write","pool","","[] connection not available and request was dropped from queue after 286ms. This means requests are coming in and your connection pool cannot serve them fast enough. You can address this by:

  1. Ensuring your database is available and that you can connect to it
  2. Tracking down slow queries and making sure they are running fast enough
  3. Increasing the pool_size (although this increases resource consumption)
  4. Allowing requests to wait longer by increasing :queue_target and :queue_interval

See DBConnection.start_link/2 for more information
","1"
"slow_transactions","single","2","32","0","write","pool","","[] connection not available and request was dropped from queue after 312ms. This means requests are coming in and your connection pool cannot serve them fast enough. You can address this by:

  1. Ensuring your database is available and that you can connect to it
  2. Tracking down slow queries and making sure they are running fast enough
  3. Increasing the pool_size (although this increases resource consumption)
  4. Allowing requests to wait longer by increasing :queue_target and :queue_interval

See DBConnection.start_link/2 for more information
","1"
"slow_transactions","single","2","32","0","write","pool","","[] connection not available and request was dropped from queue after 338ms. This means requests are coming in and your connection pool cannot serve them fast enough. You can address this by:

  1. Ensuring your database is available and that you can connect to it
  2. Tracking down slow queries and making sure they are running fast enough
  3. Increasing the pool_size (although this increases resource consumption)
  4. Allowing requests to wait longer by increasing :queue_target and :queue_interval

See DBConnection.start_link/2 for more information
","1"
"slow_transactions","single","2","32","0","write","pool","","[] connection not available and request was dropped from queue after 364ms. This means requests are coming in and your connection pool cannot serve them fast enough. You can address this by:

  1. Ensuring your database is available and that you can connect to it
  2. Tracking down slow queries and making sure they are running fast enough
  3. Increasing the pool_size (although this increases resource consumption)
  4. Allowing requests to wait longer by increasing :queue_target and :queue_interval

See DBConnection.start_link/2 for more information
","1"
"slow_transactions","single","2","32","0","write","pool","","[] connection not available and request was dropped from queue after 390ms. This means requests are coming in and your connection pool cannot serve them fast enough. You can address this by:

  1. Ensuring your database is available and that you can connect to it
  2. Tracking down slow queries and making sure they are running fast enough
  3. Increasing the pool_size (although this increases resource consumption)
  4. Allowing requests to wait longer by increasing :queue_target and :queue_interval

See DBConnection.start_link/2 for more information
","1"
"slow_transactions","single","2","32","0","write","pool","","[] connection not available and request was dropped from queue after 416ms. This means requests are coming in and your connection pool cannot serve them fast enough. You can address this by:

  1. Ensuring your database is available and that you can connect to it
  2. Tracking down slow queries and making sure they are running fast enough
  3. Increasing the pool_size (although this increases resource consumption)
  4. Allowing requests to wait longer by increasing :queue_target and :queue_interval

See DBConnection.start_link/2 for more information
","1"
"slow_transactions","single","2","32","0","write","pool","","[] connection not available and request was dropped from queue after 442ms. This means requests are coming in and your connection pool cannot serve them fast enough. You can address this by:

  1. Ensuring your database is available and that you can connect to it
  2. Tracking down slow queries and making sure they are running fast enough
  3. Increasing the pool_size (although this increases resource consumption)
  4. Allowing requests to wait longer by increasing :queue_target and :queue_interval

See DBConnection.start_link/2 for more information
","1"
"slow_transactions","single","2","32","0","write","pool","","[] connection not available and request was dropped from queue after 468ms. This means requests are coming in and your connection pool cannot serve them fast enough. You can address this by:

  1. Ensuring your database is available and that you can connect to it
  2. Tracking down slow queries and making sure they are running fast enough
  3. Increasing the pool_size (although this increases resource consumption)
  4. Allowing requests to wait longer by increasing :queue_target and :queue_interval

See DBConnection.start_link/2 for more information
","1"
"slow_transactions","single","2","32","0","write","pool","","[] connection not available and request was dropped from queue after 494ms. This means requests are coming in and your connection pool cannot serve them fast enough. You can address this by:

  1. Ensuring your database is available and that you can connect to it
  2. Tracking down slow queries and making sure they are running fast enough
  3. Increasing the pool_size (although this increases resource consumption)
  4. Allowing requests to wait longer by increasing :queue_target and :queue_interval

See DBConnection.start_link/2 for more information
","1"
"slow_transactions","single","2","32","0","write","pool","","[] connection not available and request was dropped from queue after 520ms. This means requests are coming in and your connection pool cannot serve them fast enough. You can address this by:

  1. Ensuring your database is available and that you can connect to it
  2. Tracking down slow queries and making sure they are running fast enough
  3. Increasing the pool_size (although this increases resource consumption)
  4. Allowing requests to wait longer by increasing :queue_target and :queue_interval

See DBConnection.start_link/2 for more information
","1"
"slow_transactions","single","2","32","0","write","pool","","[] connection not available and request was dropped from queue after 546ms. This means requests are coming in and your connection pool cannot serve them fast enough. You can address this by:

  1. Ensuring your database is available and that you can connect to it
  2. Tracking down slow queries and making sure they are running fast enough
  3. Increasing the pool_size (although this increases resource consumption)
  4. Allowing requests to wait longer by increasing :queue_target and :queue_interval

See DBConnection.start_link/2 for more information
","1"
"slow_transactions","single","2","32","0","write","pool","","[] connection not available and request was dropped from queue after 572ms. This means requests are coming in and your connection pool cannot serve them fast enough. You can address this by:

  1. Ensuring your database is available and that you can connect to it
  2. Tracking down slow queries and making sure they are running fast enough
  3. Increasing the pool_size (although this increases resource consumption)
  4. Allowing requests to wait longer by increasing :queue_target and :queue_interval

See DBConnection.start_link/2 for more information
","1"
"slow_transactions","single","2","32","0","write","pool","","[] connection not available and request was dropped from queue after 598ms. This means requests are coming in and your connection pool cannot serve them fast enough. You can address this by:

  1. Ensuring your database is available and that you can connect to it
  2. Tracking down slow queries and making sure they are running fast enough
  3. Increasing the pool_size (although this increases resource consumption)
  4. Allowing requests to wait longer by increasing :queue_target and :queue_interval

See DBConnection.start_link/2 for more information
","1"
"slow_transactions","single","2","32","0","write","pool","","[] connection not available and request was dropped from queue after 624ms. This means requests are coming in and your connection pool cannot serve them fast enough. You can address this by:

  1. Ensuring your database is available and that you can connect to it
  2. Tracking down slow queries and making sure they are running fast enough
  3. Increasing the pool_size (although this increases resource consumption)
  4. Allowing requests to wait longer by increasing :queue_target and :queue_interval

See DBConnection.start_link/2 for more information
","1"
"slow_transactions","single","2","32","0","write","pool","","[] connection not available and request was dropped from queue after 650ms. This means requests are coming in and your connection pool cannot serve them fast enough. You can address this by:

  1. Ensuring your database is available and that you can connect to it
  2. Tracking down slow queries and making sure they are running fast enough
  3. Increasing the pool_size (although this increases resource consumption)
  4. Allowing requests to wait longer by increasing :queue_target and :queue_interval

See DBConnection.start_link/2 for more information
","1"
"slow_transactions","single","2","32","0","write","pool","","[] connection not available and request was dropped from queue after 676ms. This means requests are coming in and your connection pool cannot serve them fast enough. You can address this by:

  1. Ensuring your database is available and that you can connect to it
  2. Tracking down slow queries and making sure they are running fast enough
  3. Increasing the pool_size (although this increases resource consumption)
  4. Allowing requests to wait longer by increasing :queue_target and :queue_interval

See DBConnection.start_link/2 for more information
","1"
"slow_transactions","single","2","32","0","write","pool","","[] connection not available and request was dropped from queue after 702ms. This means requests are coming in and your connection pool cannot serve them fast enough. You can address this by:

  1. Ensuring your database is available and that you can connect to it
  2. Tracking down slow queries and making sure they are running fast enough
  3. Increasing the pool_size (although this increases resource consumption)
  4. Allowing requests to wait longer by increasing :queue_target and :queue_interval

See DBConnection.start_link/2 for more information
","1"
"slow_transactions","single","2","32","0","write","pool","","[] connection not available and request was dropped from queue after 728ms. This means requests are coming in and your connection pool cannot serve them fast enough. You can address this by:

  1. Ensuring your database is available and that you can connect to it
  2. Tracking down slow queries and making sure they are running fast enough
  3. Increasing the pool_size (although this increases resource consumption)
  4. Allowing requests to wait longer by increasing :queue_target and :queue_interval

See DBConnection.start_link/2 for more information
","1"
"slow_transactions","single","2","32","0","write","pool","","[] connection not available and request was dropped from queue after 754ms. This means requests are coming in and your connection pool cannot serve them fast enough. You can address this by:

  1. Ensuring your database is available and that you can connect to it
  2. Tracking down slow queries and making sure they are running fast enough
  3. Increasing the pool_size (although this increases resource consumption)
  4. Allowing requests to wait longer by increasing :queue_target and :queue_interval

See DBConnection.start_link/2 for more information
","1"
"slow_transactions","single","2","32","0","write","pool","","[] connection not available and request was dropped from queue after 780ms. This means requests are coming in and your connection pool cannot serve them fast enough. You can address this by:

  1. Ensuring your database is available and that you can connect to it
  2. Tracking down slow queries and making sure they are running fast enough
  3. Increasing the pool_size (although this increases resource consumption)
  4. Allowing requests to wait longer by increasing :queue_target and :queue_interval

See DBConnection.start_link/2 for more information
","1"
"slow_transactions","single","2","32","0","write","pool","","[] connection not available and request was dropped from queue after 806ms. This means requests are coming in and your connection pool cannot serve them fast enough. You can address this by:

  1. Ensuring your database is available and that you can connect to it
  2. Tracking down slow queries and making sure they are running fast enough
  3. Increasing the pool_size (although this increases resource consumption)
  4. Allowing requests to wait longer by increasing :queue_target and :queue_interval

See DBConnection.start_link/2 for more information
","1"
"slow_transactions","pooled","2","32","0","write","pool","","[] connection not available and request was dropped from queue after 104ms. This means requests are coming in and your connection pool cannot serve them fast enough. You can address this by:

  1. Ensuring your database is available and that you can connect to it
  2. Tracking down slow queries and making sure they are running fast enough
  3. Increasing the pool_size (although this increases resource consumption)
  4. Allowing requests to wait longer by increasing :queue_target and :queue_interval

See DBConnection.start_link/2 for more information
","2"
"slow_transactions","pooled","2","32","0","write","pool","","[] connection not available and request was dropped from queue after 105ms. This means requests are coming in and your connection pool cannot serve them fast enough. You can address this by:

  1. Ensuring your database is available and that you can connect to it
  2. Tracking down slow queries and making sure they are running fast enough
  3. Increasing the pool_size (although this increases resource consumption)
  4. Allowing requests to wait longer by increasing :queue_target and :queue_interval

See DBConnection.start_link/2 for more information
","108"
"slow_transactions","pooled","2","32","0","write","pool","","[] connection not available and request was dropped from queue after 106ms. This means requests are coming in and your connection pool cannot serve them fast enough. You can address this by:

  1. Ensuring your database is available and that you can connect to it
  2. Tracking down slow queries and making sure they are running fast enough
  3. Increasing the pool_size (although this increases resource consumption)
  4. Allowing requests to wait longer by increasing :queue_target and :queue_interval

See DBConnection.start_link/2 for more information
","85"
"slow_transactions","pooled","2","32","0","write","pool","","[] connection not available and request was dropped from queue after 110ms. This means requests are coming in and your connection pool cannot serve them fast enough. You can address this by:

  1. Ensuring your database is available and that you can connect to it
  2. Tracking down slow queries and making sure they are running fast enough
  3. Increasing the pool_size (although this increases resource consumption)
  4. Allowing requests to wait longer by increasing :queue_target and :queue_interval

See DBConnection.start_link/2 for more information
","1"
"slow_transactions","pooled","2","32","0","write","pool","","[] connection not available and request was dropped from queue after 111ms. This means requests are coming in and your connection pool cannot serve them fast enough. You can address this by:

  1. Ensuring your database is available and that you can connect to it
  2. Tracking down slow queries and making sure they are running fast enough
  3. Increasing the pool_size (although this increases resource consumption)
  4. Allowing requests to wait longer by increasing :queue_target and :queue_interval

See DBConnection.start_link/2 for more information
","1"
"slow_transactions","pooled","2","32","0","write","pool","","[] connection not available and request was dropped from queue after 113ms. This means requests are coming in and your connection pool cannot serve them fast enough. You can address this by:

  1. Ensuring your database is available and that you can connect to it
  2. Tracking down slow queries and making sure they are running fast enough
  3. Increasing the pool_size (although this increases resource consumption)
  4. Allowing requests to wait longer by increasing :queue_target and :queue_interval

See DBConnection.start_link/2 for more information
","2"
"slow_transactions","pooled","2","32","0","write","pool","","[] connection not available and request was dropped from queue after 114ms. This means requests are coming in and your connection pool cannot serve them fast enough. You can address this by:

  1. Ensuring your database is available and that you can connect to it
  2. Tracking down slow queries and making sure they are running fast enough
  3. Increasing the pool_size (although this increases resource consumption)
  4. Allowing requests to wait longer by increasing :queue_target and :queue_interval

See DBConnection.start_link/2 for more information
","1"
"slow_transactions","pooled","2","32","0","write","pool","","[] connection not available and request was dropped from queue after 137ms. This means requests are coming in and your connection pool cannot serve them fast enough. You can address this by:

  1. Ensuring your database is available and that you can connect to it
  2. Tracking down slow queries and making sure they are running fast enough
  3. Increasing the pool_size (although this increases resource consumption)
  4. Allowing requests to wait longer by increasing :queue_target and :queue_interval

See DBConnection.start_link/2 for more information
","1"
"slow_transactions","pooled","2","32","0","write","pool","","[] connection not available and request was dropped from queue after 163ms. This means requests are coming in and your connection pool cannot serve them fast enough. You can address this by:

  1. Ensuring your database is available and that you can connect to it
  2. Tracking down slow queries and making sure they are running fast enough
  3. Increasing the pool_size (although this increases resource consumption)
  4. Allowing requests to wait longer by increasing :queue_target and :queue_interval

See DBConnection.start_link/2 for more information
","1"
"slow_transactions","pooled","2","32","0","write","pool","","[] connection not available and request was dropped from queue after 190ms. This means requests are coming in and your connection pool cannot serve them fast enough. You can address this by:

  1. Ensuring your database is available and that you can connect to it
  2. Tracking down slow queries and making sure they are running fast enough
  3. Increasing the pool_size (although this increases resource consumption)
  4. Allowing requests to wait longer by increasing :queue_target and :queue_interval

See DBConnection.start_link/2 for more information
","1"
"slow_transactions","pooled","2","32","0","write","pool","","[] connection not available and request was dropped from queue after 216ms. This means requests are coming in and your connection pool cannot serve them fast enough. You can address this by:

  1. Ensuring your database is available and that you can connect to it
  2. Tracking down slow queries and making sure they are running fast enough
  3. Increasing the pool_size (although this increases resource consumption)
  4. Allowing requests to wait longer by increasing :queue_target and :queue_interval

See DBConnection.start_link/2 for more information
","1"
"slow_transactions","pooled","2","32","0","write","pool","","[] connection not available and request was dropped from queue after 242ms. This means requests are coming in and your connection pool cannot serve them fast enough. You can address this by:

  1. Ensuring your database is available and that you can connect to it
  2. Tracking down slow queries and making sure they are running fast enough
  3. Increasing the pool_size (although this increases resource consumption)
  4. Allowing requests to wait longer by increasing :queue_target and :queue_interval

See DBConnection.start_link/2 for more information
","1"
"slow_transactions","pooled","2","32","0","write","pool","","[] connection not available and request was dropped from queue after 268ms. This means requests are coming in and your connection pool cannot serve them fast enough. You can address this by:

  1. Ensuring your database is available and that you can connect to it
  2. Tracking down slow queries and making sure they are running fast enough
  3. Increasing the pool_size (although this increases resource consumption)
  4. Allowing requests to wait longer by increasing :queue_target and :queue_interval

See DBConnection.start_link/2 for more information
","1"
"slow_transactions","pooled","2","32","0","write","pool","","[] connection not available and request was dropped from queue after 294ms. This means requests are coming in and your connection pool cannot serve them fast enough. You can address this by:

  1. Ensuring your database is available and that you can connect to it
  2. Tracking down slow queries and making sure they are running fast enough
  3. Increasing the pool_size (although this increases resource consumption)
  4. Allowing requests to wait longer by increasing :queue_target and :queue_interval

See DBConnection.start_link/2 for more information
","1"
"slow_transactions","pooled","2","32","0","write","pool","","[] connection not available and request was dropped from queue after 320ms. This means requests are coming in and your connection pool cannot serve them fast enough. You can address this by:

  1. Ensuring your database is available and that you can connect to it
  2. Tracking down slow queries and making sure they are running fast enough
  3. Increasing the pool_size (although this increases resource consumption)
  4. Allowing requests to wait longer by increasing :queue_target and :queue_interval

See DBConnection.start_link/2 for more information
","1"
"slow_transactions","pooled","2","32","0","write","pool","","[] connection not available and request was dropped from queue after 346ms. This means requests are coming in and your connection pool cannot serve them fast enough. You can address this by:

  1. Ensuring your database is available and that you can connect to it
  2. Tracking down slow queries and making sure they are running fast enough
  3. Increasing the pool_size (although this increases resource consumption)
  4. Allowing requests to wait longer by increasing :queue_target and :queue_interval

See DBConnection.start_link/2 for more information
","1"
"slow_transactions","pooled","2","32","0","write","pool","","[] connection not available and request was dropped from queue after 372ms. This means requests are coming in and your connection pool cannot serve them fast enough. You can address this by:

  1. Ensuring your database is available and that you can connect to it
  2. Tracking down slow queries and making sure they are running fast enough
  3. Increasing the pool_size (although this increases resource consumption)
  4. Allowing requests to wait longer by increasing :queue_target and :queue_interval

See DBConnection.start_link/2 for more information
","1"
"slow_transactions","pooled","2","32","0","write","pool","","[] connection not available and request was dropped from queue after 398ms. This means requests are coming in and your connection pool cannot serve them fast enough. You can address this by:

  1. Ensuring your database is available and that you can connect to it
  2. Tracking down slow queries and making sure they are running fast enough
  3. Increasing the pool_size (although this increases resource consumption)
  4. Allowing requests to wait longer by increasing :queue_target and :queue_interval

See DBConnection.start_link/2 for more information
","1"
"slow_transactions","pooled","2","32","0","write","pool","","[] connection not available and request was dropped from queue after 424ms. This means requests are coming in and your connection pool cannot serve them fast enough. You can address this by:

  1. Ensuring your database is available and that you can connect to it
  2. Tracking down slow queries and making sure they are running fast enough
  3. Increasing the pool_size (although this increases resource consumption)
  4. Allowing requests to wait longer by increasing :queue_target and :queue_interval

See DBConnection.start_link/2 for more information
","1"
"slow_transactions","pooled","2","32","0","write","pool","","[] connection not available and request was dropped from queue after 450ms. This means requests are coming in and your connection pool cannot serve them fast enough. You can address this by:

  1. Ensuring your database is available and that you can connect to it
  2. Tracking down slow queries and making sure they are running fast enough
  3. Increasing the pool_size (although this increases resource consumption)
  4. Allowing requests to wait longer by increasing :queue_target and :queue_interval

See DBConnection.start_link/2 for more information
","1"
"slow_transactions","pooled","2","32","0","write","pool","","[] connection not available and request was dropped from queue after 476ms. This means requests are coming in and your connection pool cannot serve them fast enough. You can address this by:

  1. Ensuring your database is available and that you can connect to it
  2. Tracking down slow queries and making sure they are running fast enough
  3. Increasing the pool_size (although this increases resource consumption)
  4. Allowing requests to wait longer by increasing :queue_target and :queue_interval

See DBConnection.start_link/2 for more information
","1"
"slow_transactions","pooled","2","32","0","write","pool","","[] connection not available and request was dropped from queue after 502ms. This means requests are coming in and your connection pool cannot serve them fast enough. You can address this by:

  1. Ensuring your database is available and that you can connect to it
  2. Tracking down slow queries and making sure they are running fast enough
  3. Increasing the pool_size (although this increases resource consumption)
  4. Allowing requests to wait longer by increasing :queue_target and :queue_interval

See DBConnection.start_link/2 for more information
","1"
"slow_transactions","pooled","2","32","0","write","pool","","[] connection not available and request was dropped from queue after 528ms. This means requests are coming in and your connection pool cannot serve them fast enough. You can address this by:

  1. Ensuring your database is available and that you can connect to it
  2. Tracking down slow queries and making sure they are running fast enough
  3. Increasing the pool_size (although this increases resource consumption)
  4. Allowing requests to wait longer by increasing :queue_target and :queue_interval

See DBConnection.start_link/2 for more information
","1"
"slow_transactions","pooled","2","32","0","write","pool","","[] connection not available and request was dropped from queue after 554ms. This means requests are coming in and your connection pool cannot serve them fast enough. You can address this by:

  1. Ensuring your database is available and that you can connect to it
  2. Tracking down slow queries and making sure they are running fast enough
  3. Increasing the pool_size (although this increases resource consumption)
  4. Allowing requests to wait longer by increasing :queue_target and :queue_interval

See DBConnection.start_link/2 for more information
","1"
"slow_transactions","pooled","2","32","0","write","pool","","[] connection not available and request was dropped from queue after 580ms. This means requests are coming in and your connection pool cannot serve them fast enough. You can address this by:

  1. Ensuring your database is available and that you can connect to it
  2. Tracking down slow queries and making sure they are running fast enough
  3. Increasing the pool_size (although this increases resource consumption)
  4. Allowing requests to wait longer by increasing :queue_target and :queue_interval

See DBConnection.start_link/2 for more information
","1"
"slow_transactions","pooled","2","32","0","write","pool","","[] connection not available and request was dropped from queue after 606ms. This means requests are coming in and your connection pool cannot serve them fast enough. You can address this by:

  1. Ensuring your database is available and that you can connect to it
  2. Tracking down slow queries and making sure they are running fast enough
  3. Increasing the pool_size (although this increases resource consumption)
  4. Allowing requests to wait longer by increasing :queue_target and :queue_interval

See DBConnection.start_link/2 for more information
","1"
"slow_transactions","pooled","2","32","0","write","sqlite","BEGIN IMMEDIATE TRANSACTION","database is locked","5"
"slow_transactions","pooled","1","32","4","write","pool","","[] connection not available and request was dropped from queue after 104ms. This means requests are coming in and your connection pool cannot serve them fast enough. You can address this by:

  1. Ensuring your database is available and that you can connect to it
  2. Tracking down slow queries and making sure they are running fast enough
  3. Increasing the pool_size (although this increases resource consumption)
  4. Allowing requests to wait longer by increasing :queue_target and :queue_interval

See DBConnection.start_link/2 for more information
","94"
"slow_transactions","pooled","1","32","4","write","pool","","[] connection not available and request was dropped from queue after 105ms. This means requests are coming in and your connection pool cannot serve them fast enough. You can address this by:

  1. Ensuring your database is available and that you can connect to it
  2. Tracking down slow queries and making sure they are running fast enough
  3. Increasing the pool_size (although this increases resource consumption)
  4. Allowing requests to wait longer by increasing :queue_target and :queue_interval

See DBConnection.start_link/2 for more information
","79"
"slow_transactions","pooled","1","32","4","write","pool","","[] connection not available and request was dropped from queue after 106ms. This means requests are coming in and your connection pool cannot serve them fast enough. You can address this by:

  1. Ensuring your database is available and that you can connect to it
  2. Tracking down slow queries and making sure they are running fast enough
  3. Increasing the pool_size (although this increases resource consumption)
  4. Allowing requests to wait longer by increasing :queue_target and :queue_interval

See DBConnection.start_link/2 for more information
","21"
"slow_transactions","pooled","1","32","4","write","pool","","[] connection not available and request was dropped from queue after 107ms. This means requests are coming in and your connection pool cannot serve them fast enough. You can address this by:

  1. Ensuring your database is available and that you can connect to it
  2. Tracking down slow queries and making sure they are running fast enough
  3. Increasing the pool_size (although this increases resource consumption)
  4. Allowing requests to wait longer by increasing :queue_target and :queue_interval

See DBConnection.start_link/2 for more information
","1"
"slow_transactions","pooled","1","32","4","write","pool","","[] connection not available and request was dropped from queue after 112ms. This means requests are coming in and your connection pool cannot serve them fast enough. You can address this by:

  1. Ensuring your database is available and that you can connect to it
  2. Tracking down slow queries and making sure they are running fast enough
  3. Increasing the pool_size (although this increases resource consumption)
  4. Allowing requests to wait longer by increasing :queue_target and :queue_interval

See DBConnection.start_link/2 for more information
","3"
"slow_transactions","pooled","1","32","4","write","pool","","[] connection not available and request was dropped from queue after 131ms. This means requests are coming in and your connection pool cannot serve them fast enough. You can address this by:

  1. Ensuring your database is available and that you can connect to it
  2. Tracking down slow queries and making sure they are running fast enough
  3. Increasing the pool_size (although this increases resource consumption)
  4. Allowing requests to wait longer by increasing :queue_target and :queue_interval

See DBConnection.start_link/2 for more information
","1"
"slow_transactions","pooled","1","32","4","write","pool","","[] connection not available and request was dropped from queue after 133ms. This means requests are coming in and your connection pool cannot serve them fast enough. You can address this by:

  1. Ensuring your database is available and that you can connect to it
  2. Tracking down slow queries and making sure they are running fast enough
  3. Increasing the pool_size (although this increases resource consumption)
  4. Allowing requests to wait longer by increasing :queue_target and :queue_interval

See DBConnection.start_link/2 for more information
","1"
"slow_transactions","pooled","1","32","4","write","pool","","[] connection not available and request was dropped from queue after 157ms. This means requests are coming in and your connection pool cannot serve them fast enough. You can address this by:

  1. Ensuring your database is available and that you can connect to it
  2. Tracking down slow queries and making sure they are running fast enough
  3. Increasing the pool_size (although this increases resource consumption)
  4. Allowing requests to wait longer by increasing :queue_target and :queue_interval

See DBConnection.start_link/2 for more information
","1"
"slow_transactions","pooled","1","32","4","write","pool","","[] connection not available and request was dropped from queue after 183ms. This means requests are coming in and your connection pool cannot serve them fast enough. You can address this by:

  1. Ensuring your database is available and that you can connect to it
  2. Tracking down slow queries and making sure they are running fast enough
  3. Increasing the pool_size (although this increases resource consumption)
  4. Allowing requests to wait longer by increasing :queue_target and :queue_interval

See DBConnection.start_link/2 for more information
","1"
"slow_transactions","pooled","1","32","4","write","pool","","[] connection not available and request was dropped from queue after 209ms. This means requests are coming in and your connection pool cannot serve them fast enough. You can address this by:

  1. Ensuring your database is available and that you can connect to it
  2. Tracking down slow queries and making sure they are running fast enough
  3. Increasing the pool_size (although this increases resource consumption)
  4. Allowing requests to wait longer by increasing :queue_target and :queue_interval

See DBConnection.start_link/2 for more information
","1"
"slow_transactions","pooled","1","32","4","write","pool","","[] connection not available and request was dropped from queue after 235ms. This means requests are coming in and your connection pool cannot serve them fast enough. You can address this by:

  1. Ensuring your database is available and that you can connect to it
  2. Tracking down slow queries and making sure they are running fast enough
  3. Increasing the pool_size (although this increases resource consumption)
  4. Allowing requests to wait longer by increasing :queue_target and :queue_interval

See DBConnection.start_link/2 for more information
","1"
"slow_transactions","pooled","1","32","4","write","pool","","[] connection not available and request was dropped from queue after 261ms. This means requests are coming in and your connection pool cannot serve them fast enough. You can address this by:

  1. Ensuring your database is available and that you can connect to it
  2. Tracking down slow queries and making sure they are running fast enough
  3. Increasing the pool_size (although this increases resource consumption)
  4. Allowing requests to wait longer by increasing :queue_target and :queue_interval

See DBConnection.start_link/2 for more information
","1"
"slow_transactions","pooled","1","32","4","write","pool","","[] connection not available and request was dropped from queue after 287ms. This means requests are coming in and your connection pool cannot serve them fast enough. You can address this by:

  1. Ensuring your database is available and that you can connect to it
  2. Tracking down slow queries and making sure they are running fast enough
  3. Increasing the pool_size (although this increases resource consumption)
  4. Allowing requests to wait longer by increasing :queue_target and :queue_interval

See DBConnection.start_link/2 for more information
","1"
"slow_transactions","pooled","1","32","4","write","pool","","[] connection not available and request was dropped from queue after 313ms. This means requests are coming in and your connection pool cannot serve them fast enough. You can address this by:

  1. Ensuring your database is available and that you can connect to it
  2. Tracking down slow queries and making sure they are running fast enough
  3. Increasing the pool_size (although this increases resource consumption)
  4. Allowing requests to wait longer by increasing :queue_target and :queue_interval

See DBConnection.start_link/2 for more information
","1"
"slow_transactions","pooled","1","32","4","write","pool","","[] connection not available and request was dropped from queue after 340ms. This means requests are coming in and your connection pool cannot serve them fast enough. You can address this by:

  1. Ensuring your database is available and that you can connect to it
  2. Tracking down slow queries and making sure they are running fast enough
  3. Increasing the pool_size (although this increases resource consumption)
  4. Allowing requests to wait longer by increasing :queue_target and :queue_interval

See DBConnection.start_link/2 for more information
","1"
"slow_transactions","pooled","1","32","4","write","pool","","[] connection not available and request was dropped from queue after 366ms. This means requests are coming in and your connection pool cannot serve them fast enough. You can address this by:

  1. Ensuring your database is available and that you can connect to it
  2. Tracking down slow queries and making sure they are running fast enough
  3. Increasing the pool_size (although this increases resource consumption)
  4. Allowing requests to wait longer by increasing :queue_target and :queue_interval

See DBConnection.start_link/2 for more information
","1"
"slow_transactions","pooled","1","32","4","write","pool","","[] connection not available and request was dropped from queue after 392ms. This means requests are coming in and your connection pool cannot serve them fast enough. You can address this by:

  1. Ensuring your database is available and that you can connect to it
  2. Tracking down slow queries and making sure they are running fast enough
  3. Increasing the pool_size (although this increases resource consumption)
  4. Allowing requests to wait longer by increasing :queue_target and :queue_interval

See DBConnection.start_link/2 for more information
","1"
"slow_transactions","pooled","1","32","4","write","pool","","[] connection not available and request was dropped from queue after 418ms. This means requests are coming in and your connection pool cannot serve them fast enough. You can address this by:

  1. Ensuring your database is available and that you can connect to it
  2. Tracking down slow queries and making sure they are running fast enough
  3. Increasing the pool_size (although this increases resource consumption)
  4. Allowing requests to wait longer by increasing :queue_target and :queue_interval

See DBConnection.start_link/2 for more information
","1"
"slow_transactions","pooled","1","32","4","write","pool","","[] connection not available and request was dropped from queue after 444ms. This means requests are coming in and your connection pool cannot serve them fast enough. You can address this by:

  1. Ensuring your database is available and that you can connect to it
  2. Tracking down slow queries and making sure they are running fast enough
  3. Increasing the pool_size (although this increases resource consumption)
  4. Allowing requests to wait longer by increasing :queue_target and :queue_interval

See DBConnection.start_link/2 for more information
","1"
"slow_transactions","pooled","1","32","4","write","pool","","[] connection not available and request was dropped from queue after 470ms. This means requests are coming in and your connection pool cannot serve them fast enough. You can address this by:

  1. Ensuring your database is available and that you can connect to it
  2. Tracking down slow queries and making sure they are running fast enough
  3. Increasing the pool_size (although this increases resource consumption)
  4. Allowing requests to wait longer by increasing :queue_target and :queue_interval

See DBConnection.start_link/2 for more information
","1"
"slow_transactions","pooled","1","32","4","write","pool","","[] connection not available and request was dropped from queue after 497ms. This means requests are coming in and your connection pool cannot serve them fast enough. You can address this by:

  1. Ensuring your database is available and that you can connect to it
  2. Tracking down slow queries and making sure they are running fast enough
  3. Increasing the pool_size (although this increases resource consumption)
  4. Allowing requests to wait longer by increasing :queue_target and :queue_interval

See DBConnection.start_link/2 for more information
","1"
"slow_transactions","pooled","1","32","4","write","pool","","[] connection not available and request was dropped from queue after 523ms. This means requests are coming in and your connection pool cannot serve them fast enough. You can address this by:

  1. Ensuring your database is available and that you can connect to it
  2. Tracking down slow queries and making sure they are running fast enough
  3. Increasing the pool_size (although this increases resource consumption)
  4. Allowing requests to wait longer by increasing :queue_target and :queue_interval

See DBConnection.start_link/2 for more information
","1"
"slow_transactions","pooled","1","32","4","write","pool","","[] connection not available and request was dropped from queue after 550ms. This means requests are coming in and your connection pool cannot serve them fast enough. You can address this by:

  1. Ensuring your database is available and that you can connect to it
  2. Tracking down slow queries and making sure they are running fast enough
  3. Increasing the pool_size (although this increases resource consumption)
  4. Allowing requests to wait longer by increasing :queue_target and :queue_interval

See DBConnection.start_link/2 for more information
","1"
"slow_transactions","pooled","1","32","4","write","pool","","[] connection not available and request was dropped from queue after 576ms. This means requests are coming in and your connection pool cannot serve them fast enough. You can address this by:

  1. Ensuring your database is available and that you can connect to it
  2. Tracking down slow queries and making sure they are running fast enough
  3. Increasing the pool_size (although this increases resource consumption)
  4. Allowing requests to wait longer by increasing :queue_target and :queue_interval

See DBConnection.start_link/2 for more information
","1"
"slow_transactions","pooled","1","32","4","write","pool","","[] connection not available and request was dropped from queue after 602ms. This means requests are coming in and your connection pool cannot serve them fast enough. You can address this by:

  1. Ensuring your database is available and that you can connect to it
  2. Tracking down slow queries and making sure they are running fast enough
  3. Increasing the pool_size (although this increases resource consumption)
  4. Allowing requests to wait longer by increasing :queue_target and :queue_interval

See DBConnection.start_link/2 for more information
","1"
"slow_transactions","pooled","1","32","4","write","sqlite","BEGIN IMMEDIATE TRANSACTION","database is locked","5"
"slow_transactions","pooled","1","32","4","read","pool","","[] connection not available and request was dropped from queue after 104ms. This means requests are coming in and your connection pool cannot serve them fast enough. You can address this by:

  1. Ensuring your database is available and that you can connect to it
  2. Tracking down slow queries and making sure they are running fast enough
  3. Increasing the pool_size (although this increases resource consumption)
  4. Allowing requests to wait longer by increasing :queue_target and :queue_interval

See DBConnection.start_link/2 for more information
","18"
"slow_transactions","pooled","1","32","4","read","pool","","[] connection not available and request was dropped from queue after 105ms. This means requests are coming in and your connection pool cannot serve them fast enough. You can address this by:

  1. Ensuring your database is available and that you can connect to it
  2. Tracking down slow queries and making sure they are running fast enough
  3. Increasing the pool_size (although this increases resource consumption)
  4. Allowing requests to wait longer by increasing :queue_target and :queue_interval

See DBConnection.start_link/2 for more information
","13"
"slow_transactions","pooled","1","32","4","read","pool","","[] connection not available and request was dropped from queue after 106ms. This means requests are coming in and your connection pool cannot serve them fast enough. You can address this by:

  1. Ensuring your database is available and that you can connect to it
  2. Tracking down slow queries and making sure they are running fast enough
  3. Increasing the pool_size (although this increases resource consumption)
  4. Allowing requests to wait longer by increasing :queue_target and :queue_interval

See DBConnection.start_link/2 for more information
","4"
"slow_transactions","pooled","1","32","4","read","pool","","[] connection not available and request was dropped from queue after 107ms. This means requests are coming in and your connection pool cannot serve them fast enough. You can address this by:

  1. Ensuring your database is available and that you can connect to it
  2. Tracking down slow queries and making sure they are running fast enough
  3. Increasing the pool_size (although this increases resource consumption)
  4. Allowing requests to wait longer by increasing :queue_target and :queue_interval

See DBConnection.start_link/2 for more information
","3"
"slow_transactions","pooled","1","32","4","read","pool","","[] connection not available and request was dropped from queue after 392ms. This means requests are coming in and your connection pool cannot serve them fast enough. You can address this by:

  1. Ensuring your database is available and that you can connect to it
  2. Tracking down slow queries and making sure they are running fast enough
  3. Increasing the pool_size (although this increases resource consumption)
  4. Allowing requests to wait longer by increasing :queue_target and :queue_interval

See DBConnection.start_link/2 for more information
","2"
"slow_transactions","pooled","1","32","4","read","pool","","[] connection not available and request was dropped from queue after 418ms. This means requests are coming in and your connection pool cannot serve them fast enough. You can address this by:

  1. Ensuring your database is available and that you can connect to it
  2. Tracking down slow queries and making sure they are running fast enough
  3. Increasing the pool_size (although this increases resource consumption)
  4. Allowing requests to wait longer by increasing :queue_target and :queue_interval

See DBConnection.start_link/2 for more information
","1"
"slow_transactions","pooled","1","32","4","read","pool","","[] connection not available and request was dropped from queue after 550ms. This means requests are coming in and your connection pool cannot serve them fast enough. You can address this by:

  1. Ensuring your database is available and that you can connect to it
  2. Tracking down slow queries and making sure they are running fast enough
  3. Increasing the pool_size (although this increases resource consumption)
  4. Allowing requests to wait longer by increasing :queue_target and :queue_interval

See DBConnection.start_link/2 for more information
","1"
"slow_transactions","single","1","32","4","write","pool","","[] connection not available and request was dropped from queue after 104ms. This means requests are coming in and your connection pool cannot serve them fast enough. You can address this by:

  1. Ensuring your database is available and that you can connect to it
  2. Tracking down slow queries and making sure they are running fast enough
  3. Increasing the pool_size (although this increases resource consumption)
  4. Allowing requests to wait longer by increasing :queue_target and :queue_interval

See DBConnection.start_link/2 for more information
","167"
"slow_transactions","single","1","32","4","write","pool","","[] connection not available and request was dropped from queue after 105ms. This means requests are coming in and your connection pool cannot serve them fast enough. You can address this by:

  1. Ensuring your database is available and that you can connect to it
  2. Tracking down slow queries and making sure they are running fast enough
  3. Increasing the pool_size (although this increases resource consumption)
  4. Allowing requests to wait longer by increasing :queue_target and :queue_interval

See DBConnection.start_link/2 for more information
","47"
"slow_transactions","single","1","32","4","write","pool","","[] connection not available and request was dropped from queue after 106ms. This means requests are coming in and your connection pool cannot serve them fast enough. You can address this by:

  1. Ensuring your database is available and that you can connect to it
  2. Tracking down slow queries and making sure they are running fast enough
  3. Increasing the pool_size (although this increases resource consumption)
  4. Allowing requests to wait longer by increasing :queue_target and :queue_interval

See DBConnection.start_link/2 for more information
","28"
"slow_transactions","single","1","32","4","write","pool","","[] connection not available and request was dropped from queue after 130ms. This means requests are coming in and your connection pool cannot serve them fast enough. You can address this by:

  1. Ensuring your database is available and that you can connect to it
  2. Tracking down slow queries and making sure they are running fast enough
  3. Increasing the pool_size (although this increases resource consumption)
  4. Allowing requests to wait longer by increasing :queue_target and :queue_interval

See DBConnection.start_link/2 for more information
","1"
"slow_transactions","single","1","32","4","write","pool","","[] connection not available and request was dropped from queue after 156ms. This means requests are coming in and your connection pool cannot serve them fast enough. You can address this by:

  1. Ensuring your database is available and that you can connect to it
  2. Tracking down slow queries and making sure they are running fast enough
  3. Increasing the pool_size (although this increases resource consumption)
  4. Allowing requests to wait longer by increasing :queue_target and :queue_interval

See DBConnection.start_link/2 for more information
","1"
"slow_transactions","single","1","32","4","write","pool","","[] connection not available and request was dropped from queue after 182ms. This means requests are coming in and your connection pool cannot serve them fast enough. You can address this by:

  1. Ensuring your database is available and that you can connect to it
  2. Tracking down slow queries and making sure they are running fast enough
  3. Increasing the pool_size (although this increases resource consumption)
  4. Allowing requests to wait longer by increasing :queue_target and :queue_interval

See DBConnection.start_link/2 for more information
","1"
"slow_transactions","single","1","32","4","write","pool","","[] connection not available and request was dropped from queue after 208ms. This means requests are coming in and your connection pool cannot serve them fast enough. You can address this by:

  1. Ensuring your database is available and that you can connect to it
  2. Tracking down slow queries and making sure they are running fast enough
  3. Increasing the pool_size (although this increases resource consumption)
  4. Allowing requests to wait longer by increasing :queue_target and :queue_interval

See DBConnection.start_link/2 for more information
","1"
"slow_transactions","single","1","32","4","write","pool","","[] connection not available and request was dropped from queue after 234ms. This means requests are coming in and your connection pool cannot serve them fast enough. You can address this by:

  1. Ensuring your database is available and that you can connect to it
  2. Tracking down slow queries and making sure they are running fast enough
  3. Increasing the pool_size (although this increases resource consumption)
  4. Allowing requests to wait longer by increasing :queue_target and :queue_interval

See DBConnection.start_link/2 for more information
","1"
"slow_transactions","single","1","32","4","write","pool","","[] connection not available and request was dropped from queue after 260ms. This means requests are coming in and your connection pool cannot serve them fast enough. You can address this by:

  1. Ensuring your database is available and that you can connect to it
  2. Tracking down slow queries and making sure they are running fast enough
  3. Increasing the pool_size (although this increases resource consumption)
  4. Allowing requests to wait longer by increasing :queue_target and :queue_interval

See DBConnection.start_link/2 for more information
","1"
"slow_transactions","single","1","32","4","write","pool","","[] connection not available and request was dropped from queue after 286ms. This means requests are coming in and your connection pool cannot serve them fast enough. You can address this by:

  1. Ensuring your database is available and that you can connect to it
  2. Tracking down slow queries and making sure they are running fast enough
  3. Increasing the pool_size (although this increases resource consumption)
  4. Allowing requests to wait longer by increasing :queue_target and :queue_interval

See DBConnection.start_link/2 for more information
","1"
"slow_transactions","single","1","32","4","write","pool","","[] connection not available and request was dropped from queue after 312ms. This means requests are coming in and your connection pool cannot serve them fast enough. You can address this by:

  1. Ensuring your database is available and that you can connect to it
  2. Tracking down slow queries and making sure they are running fast enough
  3. Increasing the pool_size (although this increases resource consumption)
  4. Allowing requests to wait longer by increasing :queue_target and :queue_interval

See DBConnection.start_link/2 for more information
","1"
"slow_transactions","single","1","32","4","write","pool","","[] connection not available and request was dropped from queue after 339ms. This means requests are coming in and your connection pool cannot serve them fast enough. You can address this by:

  1. Ensuring your database is available and that you can connect to it
  2. Tracking down slow queries and making sure they are running fast enough
  3. Increasing the pool_size (although this increases resource consumption)
  4. Allowing requests to wait longer by increasing :queue_target and :queue_interval

See DBConnection.start_link/2 for more information
","1"
"slow_transactions","single","1","32","4","write","pool","","[] connection not available and request was dropped from queue after 365ms. This means requests are coming in and your connection pool cannot serve them fast enough. You can address this by:

  1. Ensuring your database is available and that you can connect to it
  2. Tracking down slow queries and making sure they are running fast enough
  3. Increasing the pool_size (although this increases resource consumption)
  4. Allowing requests to wait longer by increasing :queue_target and :queue_interval

See DBConnection.start_link/2 for more information
","1"
"slow_transactions","single","1","32","4","write","pool","","[] connection not available and request was dropped from queue after 393ms. This means requests are coming in and your connection pool cannot serve them fast enough. You can address this by:

  1. Ensuring your database is available and that you can connect to it
  2. Tracking down slow queries and making sure they are running fast enough
  3. Increasing the pool_size (although this increases resource consumption)
  4. Allowing requests to wait longer by increasing :queue_target and :queue_interval

See DBConnection.start_link/2 for more information
","1"
"slow_transactions","single","1","32","4","write","pool","","[] connection not available and request was dropped from queue after 419ms. This means requests are coming in and your connection pool cannot serve them fast enough. You can address this by:

  1. Ensuring your database is available and that you can connect to it
  2. Tracking down slow queries and making sure they are running fast enough
  3. Increasing the pool_size (although this increases resource consumption)
  4. Allowing requests to wait longer by increasing :queue_target and :queue_interval

See DBConnection.start_link/2 for more information
","1"
"slow_transactions","single","1","32","4","write","pool","","[] connection not available and request was dropped from queue after 445ms. This means requests are coming in and your connection pool cannot serve them fast enough. You can address this by:

  1. Ensuring your database is available and that you can connect to it
  2. Tracking down slow queries and making sure they are running fast enough
  3. Increasing the pool_size (although this increases resource consumption)
  4. Allowing requests to wait longer by increasing :queue_target and :queue_interval

See DBConnection.start_link/2 for more information
","1"
"slow_transactions","single","1","32","4","write","pool","","[] connection not available and request was dropped from queue after 471ms. This means requests are coming in and your connection pool cannot serve them fast enough. You can address this by:

  1. Ensuring your database is available and that you can connect to it
  2. Tracking down slow queries and making sure they are running fast enough
  3. Increasing the pool_size (although this increases resource consumption)
  4. Allowing requests to wait longer by increasing :queue_target and :queue_interval

See DBConnection.start_link/2 for more information
","1"
"slow_transactions","single","1","32","4","write","pool","","[] connection not available and request was dropped from queue after 497ms. This means requests are coming in and your connection pool cannot serve them fast enough. You can address this by:

  1. Ensuring your database is available and that you can connect to it
  2. Tracking down slow queries and making sure they are running fast enough
  3. Increasing the pool_size (although this increases resource consumption)
  4. Allowing requests to wait longer by increasing :queue_target and :queue_interval

See DBConnection.start_link/2 for more information
","1"
"slow_transactions","single","1","32","4","write","pool","","[] connection not available and request was dropped from queue after 523ms. This means requests are coming in and your connection pool cannot serve them fast enough. You can address this by:

  1. Ensuring your database is available and that you can connect to it
  2. Tracking down slow queries and making sure they are running fast enough
  3. Increasing the pool_size (although this increases resource consumption)
  4. Allowing requests to wait longer by increasing :queue_target and :queue_interval

See DBConnection.start_link/2 for more information
","1"
"slow_transactions","single","1","32","4","write","pool","","[] connection not available and request was dropped from queue after 549ms. This means requests are coming in and your connection pool cannot serve them fast enough. You can address this by:

  1. Ensuring your database is available and that you can connect to it
  2. Tracking down slow queries and making sure they are running fast enough
  3. Increasing the pool_size (although this increases resource consumption)
  4. Allowing requests to wait longer by increasing :queue_target and :queue_interval

See DBConnection.start_link/2 for more information
","1"
"slow_transactions","single","1","32","4","write","pool","","[] connection not available and request was dropped from queue after 575ms. This means requests are coming in and your connection pool cannot serve them fast enough. You can address this by:

  1. Ensuring your database is available and that you can connect to it
  2. Tracking down slow queries and making sure they are running fast enough
  3. Increasing the pool_size (although this increases resource consumption)
  4. Allowing requests to wait longer by increasing :queue_target and :queue_interval

See DBConnection.start_link/2 for more information
","1"
"slow_transactions","single","1","32","4","write","pool","","[] connection not available and request was dropped from queue after 601ms. This means requests are coming in and your connection pool cannot serve them fast enough. You can address this by:

  1. Ensuring your database is available and that you can connect to it
  2. Tracking down slow queries and making sure they are running fast enough
  3. Increasing the pool_size (although this increases resource consumption)
  4. Allowing requests to wait longer by increasing :queue_target and :queue_interval

See DBConnection.start_link/2 for more information
","1"
"slow_transactions","single","1","32","4","write","pool","","[] connection not available and request was dropped from queue after 627ms. This means requests are coming in and your connection pool cannot serve them fast enough. You can address this by:

  1. Ensuring your database is available and that you can connect to it
  2. Tracking down slow queries and making sure they are running fast enough
  3. Increasing the pool_size (although this increases resource consumption)
  4. Allowing requests to wait longer by increasing :queue_target and :queue_interval

See DBConnection.start_link/2 for more information
","1"
"slow_transactions","single","1","32","4","write","pool","","[] connection not available and request was dropped from queue after 653ms. This means requests are coming in and your connection pool cannot serve them fast enough. You can address this by:

  1. Ensuring your database is available and that you can connect to it
  2. Tracking down slow queries and making sure they are running fast enough
  3. Increasing the pool_size (although this increases resource consumption)
  4. Allowing requests to wait longer by increasing :queue_target and :queue_interval

See DBConnection.start_link/2 for more information
","1"
"slow_transactions","single","1","32","4","write","pool","","[] connection not available and request was dropped from queue after 679ms. This means requests are coming in and your connection pool cannot serve them fast enough. You can address this by:

  1. Ensuring your database is available and that you can connect to it
  2. Tracking down slow queries and making sure they are running fast enough
  3. Increasing the pool_size (although this increases resource consumption)
  4. Allowing requests to wait longer by increasing :queue_target and :queue_interval

See DBConnection.start_link/2 for more information
","1"
"slow_transactions","single","1","32","4","write","pool","","[] connection not available and request was dropped from queue after 705ms. This means requests are coming in and your connection pool cannot serve them fast enough. You can address this by:

  1. Ensuring your database is available and that you can connect to it
  2. Tracking down slow queries and making sure they are running fast enough
  3. Increasing the pool_size (although this increases resource consumption)
  4. Allowing requests to wait longer by increasing :queue_target and :queue_interval

See DBConnection.start_link/2 for more information
","1"
"slow_transactions","single","1","32","4","write","pool","","[] connection not available and request was dropped from queue after 731ms. This means requests are coming in and your connection pool cannot serve them fast enough. You can address this by:

  1. Ensuring your database is available and that you can connect to it
  2. Tracking down slow queries and making sure they are running fast enough
  3. Increasing the pool_size (although this increases resource consumption)
  4. Allowing requests to wait longer by increasing :queue_target and :queue_interval

See DBConnection.start_link/2 for more information
","1"
"slow_transactions","single","1","32","4","write","pool","","[] connection not available and request was dropped from queue after 757ms. This means requests are coming in and your connection pool cannot serve them fast enough. You can address this by:

  1. Ensuring your database is available and that you can connect to it
  2. Tracking down slow queries and making sure they are running fast enough
  3. Increasing the pool_size (although this increases resource consumption)
  4. Allowing requests to wait longer by increasing :queue_target and :queue_interval

See DBConnection.start_link/2 for more information
","1"
"slow_transactions","single","1","32","4","write","pool","","[] connection not available and request was dropped from queue after 783ms. This means requests are coming in and your connection pool cannot serve them fast enough. You can address this by:

  1. Ensuring your database is available and that you can connect to it
  2. Tracking down slow queries and making sure they are running fast enough
  3. Increasing the pool_size (although this increases resource consumption)
  4. Allowing requests to wait longer by increasing :queue_target and :queue_interval

See DBConnection.start_link/2 for more information
","1"
"slow_transactions","single","1","32","4","write","pool","","[] connection not available and request was dropped from queue after 809ms. This means requests are coming in and your connection pool cannot serve them fast enough. You can address this by:

  1. Ensuring your database is available and that you can connect to it
  2. Tracking down slow queries and making sure they are running fast enough
  3. Increasing the pool_size (although this increases resource consumption)
  4. Allowing requests to wait longer by increasing :queue_target and :queue_interval

See DBConnection.start_link/2 for more information
","1"
"slow_transactions","single","1","32","4","read","pool","","[] connection not available and request was dropped from queue after 104ms. This means requests are coming in and your connection pool cannot serve them fast enough. You can address this by:

  1. Ensuring your database is available and that you can connect to it
  2. Tracking down slow queries and making sure they are running fast enough
  3. Increasing the pool_size (although this increases resource consumption)
  4. Allowing requests to wait longer by increasing :queue_target and :queue_interval

See DBConnection.start_link/2 for more information
","25"
"slow_transactions","single","1","32","4","read","pool","","[] connection not available and request was dropped from queue after 105ms. This means requests are coming in and your connection pool cannot serve them fast enough. You can address this by:

  1. Ensuring your database is available and that you can connect to it
  2. Tracking down slow queries and making sure they are running fast enough
  3. Increasing the pool_size (although this increases resource consumption)
  4. Allowing requests to wait longer by increasing :queue_target and :queue_interval

See DBConnection.start_link/2 for more information
","7"
"slow_transactions","single","1","32","4","read","pool","","[] connection not available and request was dropped from queue after 106ms. This means requests are coming in and your connection pool cannot serve them fast enough. You can address this by:

  1. Ensuring your database is available and that you can connect to it
  2. Tracking down slow queries and making sure they are running fast enough
  3. Increasing the pool_size (although this increases resource consumption)
  4. Allowing requests to wait longer by increasing :queue_target and :queue_interval

See DBConnection.start_link/2 for more information
","4"
"slow_transactions","single","1","32","4","read","pool","","[] connection not available and request was dropped from queue after 392ms. This means requests are coming in and your connection pool cannot serve them fast enough. You can address this by:

  1. Ensuring your database is available and that you can connect to it
  2. Tracking down slow queries and making sure they are running fast enough
  3. Increasing the pool_size (although this increases resource consumption)
  4. Allowing requests to wait longer by increasing :queue_target and :queue_interval

See DBConnection.start_link/2 for more information
","2"
"slow_transactions","single","1","32","4","read","pool","","[] connection not available and request was dropped from queue after 393ms. This means requests are coming in and your connection pool cannot serve them fast enough. You can address this by:

  1. Ensuring your database is available and that you can connect to it
  2. Tracking down slow queries and making sure they are running fast enough
  3. Increasing the pool_size (although this increases resource consumption)
  4. Allowing requests to wait longer by increasing :queue_target and :queue_interval

See DBConnection.start_link/2 for more information
","2"
"slow_transactions","single","2","32","4","write","pool","","[] connection not available and request was dropped from queue after 104ms. This means requests are coming in and your connection pool cannot serve them fast enough. You can address this by:

  1. Ensuring your database is available and that you can connect to it
  2. Tracking down slow queries and making sure they are running fast enough
  3. Increasing the pool_size (although this increases resource consumption)
  4. Allowing requests to wait longer by increasing :queue_target and :queue_interval

See DBConnection.start_link/2 for more information
","57"
"slow_transactions","single","2","32","4","write","pool","","[] connection not available and request was dropped from queue after 105ms. This means requests are coming in and your connection pool cannot serve them fast enough. You can address this by:

  1. Ensuring your database is available and that you can connect to it
  2. Tracking down slow queries and making sure they are running fast enough
  3. Increasing the pool_size (although this increases resource consumption)
  4. Allowing requests to wait longer by increasing :queue_target and :queue_interval

See DBConnection.start_link/2 for more information
","157"
"slow_transactions","single","2","32","4","write","pool","","[] connection not available and request was dropped from queue after 106ms. This means requests are coming in and your connection pool cannot serve them fast enough. You can address this by:

  1. Ensuring your database is available and that you can connect to it
  2. Tracking down slow queries and making sure they are running fast enough
  3. Increasing the pool_size (although this increases resource consumption)
  4. Allowing requests to wait longer by increasing :queue_target and :queue_interval

See DBConnection.start_link/2 for more information
","28"
"slow_transactions","single","2","32","4","write","pool","","[] connection not available and request was dropped from queue after 130ms. This means requests are coming in and your connection pool cannot serve them fast enough. You can address this by:

  1. Ensuring your database is available and that you can connect to it
  2. Tracking down slow queries and making sure they are running fast enough
  3. Increasing the pool_size (although this increases resource consumption)
  4. Allowing requests to wait longer by increasing :queue_target and :queue_interval

See DBConnection.start_link/2 for more information
","1"
"slow_transactions","single","2","32","4","write","pool","","[] connection not available and request was dropped from queue after 156ms. This means requests are coming in and your connection pool cannot serve them fast enough. You can address this by:

  1. Ensuring your database is available and that you can connect to it
  2. Tracking down slow queries and making sure they are running fast enough
  3. Increasing the pool_size (although this increases resource consumption)
  4. Allowing requests to wait longer by increasing :queue_target and :queue_interval

See DBConnection.start_link/2 for more information
","1"
"slow_transactions","single","2","32","4","write","pool","","[] connection not available and request was dropped from queue after 182ms. This means requests are coming in and your connection pool cannot serve them fast enough. You can address this by:

  1. Ensuring your database is available and that you can connect to it
  2. Tracking down slow queries and making sure they are running fast enough
  3. Increasing the pool_size (although this increases resource consumption)
  4. Allowing requests to wait longer by increasing :queue_target and :queue_interval

See DBConnection.start_link/2 for more information
","1"
"slow_transactions","single","2","32","4","write","pool","","[] connection not available and request was dropped from queue after 208ms. This means requests are coming in and your connection pool cannot serve them fast enough. You can address this by:

  1. Ensuring your database is available and that you can connect to it
  2. Tracking down slow queries and making sure they are running fast enough
  3. Increasing the pool_size (although this increases resource consumption)
  4. Allowing requests to wait longer by increasing :queue_target and :queue_interval

See DBConnection.start_link/2 for more information
","1"
"slow_transactions","single","2","32","4","write","pool","","[] connection not available and request was dropped from queue after 234ms. This means requests are coming in and your connection pool cannot serve them fast enough. You can address this by:

  1. Ensuring your database is available and that you can connect to it
  2. Tracking down slow queries and making sure they are running fast enough
  3. Increasing the pool_size (although this increases resource consumption)
  4. Allowing requests to wait longer by increasing :queue_target and :queue_interval

See DBConnection.start_link/2 for more information
","1"
"slow_transactions","single","2","32","4","write","pool","","[] connection not available and request was dropped from queue after 260ms. This means requests are coming in and your connection pool cannot serve them fast enough. You can address this by:

  1. Ensuring your database is available and that you can connect to it
  2. Tracking down slow queries and making sure they are running fast enough
  3. Increasing the pool_size (although this increases resource consumption)
  4. Allowing requests to wait longer by increasing :queue_target and :queue_interval

See DBConnection.start_link/2 for more information
","1"
"slow_transactions","single","2","32","4","write","pool","","[] connection not available and request was dropped from queue after 286ms. This means requests are coming in and your connection pool cannot serve them fast enough. You can address this by:

  1. Ensuring your database is available and that you can connect to it
  2. Tracking down slow queries and making sure they are running fast enough
  3. Increasing the pool_size (although this increases resource consumption)
  4. Allowing requests to wait longer by increasing :queue_target and :queue_interval

See DBConnection.start_link/2 for more information
","1"
"slow_transactions","single","2","32","4","write","pool","","[] connection not available and request was dropped from queue after 312ms. This means requests are coming in and your connection pool cannot serve them fast enough. You can address this by:

  1. Ensuring your database is available and that you can connect to it
  2. Tracking down slow queries and making sure they are running fast enough
  3. Increasing the pool_size (although this increases resource consumption)
  4. Allowing requests to wait longer by increasing :queue_target and :queue_interval

See DBConnection.start_link/2 for more information
","1"
"slow_transactions","single","2","32","4","write","pool","","[] connection not available and request was dropped from queue after 338ms. This means requests are coming in and your connection pool cannot serve them fast enough. You can address this by:

  1. Ensuring your database is available and that you can connect to it
  2. Tracking down slow queries and making sure they are running fast enough
  3. Increasing the pool_size (although this increases resource consumption)
  4. Allowing requests to wait longer by increasing :queue_target and :queue_interval

See DBConnection.start_link/2 for more information
","1"
"slow_transactions","single","2","32","4","write","pool","","[] connection not available and request was dropped from queue after 364ms. This means requests are coming in and your connection pool cannot serve them fast enough. You can address this by:

  1. Ensuring your database is available and that you can connect to it
  2. Tracking down slow queries and making sure they are running fast enough
  3. Increasing the pool_size (although this increases resource consumption)
  4. Allowing requests to wait longer by increasing :queue_target and :queue_interval

See DBConnection.start_link/2 for more information
","1"
"slow_transactions","single","2","32","4","write","pool","","[] connection not available and request was dropped from queue after 390ms. This means requests are coming in and your connection pool cannot serve them fast enough. You can address this by:

  1. Ensuring your database is available and that you can connect to it
  2. Tracking down slow queries and making sure they are running fast enough
  3. Increasing the pool_size (although this increases resource consumption)
  4. Allowing requests to wait longer by increasing :queue_target and :queue_interval

See DBConnection.start_link/2 for more information
","1"
"slow_transactions","single","2","32","4","write","pool","","[] connection not available and request was dropped from queue after 416ms. This means requests are coming in and your connection pool cannot serve them fast enough. You can address this by:

  1. Ensuring your database is available and that you can connect to it
  2. Tracking down slow queries and making sure they are running fast enough
  3. Increasing the pool_size (although this increases resource consumption)
  4. Allowing requests to wait longer by increasing :queue_target and :queue_interval

See DBConnection.start_link/2 for more information
","1"
"slow_transactions","single","2","32","4","write","pool","","[] connection not available and request was dropped from queue after 442ms. This means requests are coming in and your connection pool cannot serve them fast enough. You can address this by:

  1. Ensuring your database is available and that you can connect to it
  2. Tracking down slow queries and making sure they are running fast enough
  3. Increasing the pool_size (although this increases resource consumption)
  4. Allowing requests to wait longer by increasing :queue_target and :queue_interval

See DBConnection.start_link/2 for more information
","1"
"slow_transactions","single","2","32","4","write","pool","","[] connection not available and request was dropped from queue after 468ms. This means requests are coming in and your connection pool cannot serve them fast enough. You can address this by:

  1. Ensuring your database is available and that you can connect to it
  2. Tracking down slow queries and making sure they are running fast enough
  3. Increasing the pool_size (although this increases resource consumption)
  4. Allowing requests to wait longer by increasing :queue_target and :queue_interval

See DBConnection.start_link/2 for more information
","1"
"slow_transactions","single","2","32","4","write","pool","","[] connection not available and request was dropped from queue after 494ms. This means requests are coming in and your connection pool cannot serve them fast enough. You can address this by:

  1. Ensuring your database is available and that you can connect to it
  2. Tracking down slow queries and making sure they are running fast enough
  3. Increasing the pool_size (although this increases resource consumption)
  4. Allowing requests to wait longer by increasing :queue_target and :queue_interval

See DBConnection.start_link/2 for more information
","1"
"slow_transactions","single","2","32","4","write","pool","","[] connection not available and request was dropped from queue after 520ms. This means requests are coming in and your connection pool cannot serve them fast enough. You can address this by:

  1. Ensuring your database is available and that you can connect to it
  2. Tracking down slow queries and making sure they are running fast enough
  3. Increasing the pool_size (although this increases resource consumption)
  4. Allowing requests to wait longer by increasing :queue_target and :queue_interval

See DBConnection.start_link/2 for more information
","1"
"slow_transactions","single","2","32","4","write","pool","","[] connection not available and request was dropped from queue after 546ms. This means requests are coming in and your connection pool cannot serve them fast enough. You can address this by:

  1. Ensuring your database is available and that you can connect to it
  2. Tracking down slow queries and making sure they are running fast enough
  3. Increasing the pool_size (although this increases resource consumption)
  4. Allowing requests to wait longer by increasing :queue_target and :queue_interval

See DBConnection.start_link/2 for more information
","1"
"slow_transactions","single","2","32","4","write","pool","","[] connection not available and request was dropped from queue after 572ms. This means requests are coming in and your connection pool cannot serve them fast enough. You can address this by:

  1. Ensuring your database is available and that you can connect to it
  2. Tracking down slow queries and making sure they are running fast enough
  3. Increasing the pool_size (although this increases resource consumption)
  4. Allowing requests to wait longer by increasing :queue_target and :queue_interval

See DBConnection.start_link/2 for more information
","1"
"slow_transactions","single","2","32","4","write","pool","","[] connection not available and request was dropped from queue after 598ms. This means requests are coming in and your connection pool cannot serve them fast enough. You can address this by:

  1. Ensuring your database is available and that you can connect to it
  2. Tracking down slow queries and making sure they are running fast enough
  3. Increasing the pool_size (although this increases resource consumption)
  4. Allowing requests to wait longer by increasing :queue_target and :queue_interval

See DBConnection.start_link/2 for more information
","1"
"slow_transactions","single","2","32","4","write","pool","","[] connection not available and request was dropped from queue after 624ms. This means requests are coming in and your connection pool cannot serve them fast enough. You can address this by:

  1. Ensuring your database is available and that you can connect to it
  2. Tracking down slow queries and making sure they are running fast enough
  3. Increasing the pool_size (although this increases resource consumption)
  4. Allowing requests to wait longer by increasing :queue_target and :queue_interval

See DBConnection.start_link/2 for more information
","1"
"slow_transactions","single","2","32","4","write","pool","","[] connection not available and request was dropped from queue after 650ms. This means requests are coming in and your connection pool cannot serve them fast enough. You can address this by:

  1. Ensuring your database is available and that you can connect to it
  2. Tracking down slow queries and making sure they are running fast enough
  3. Increasing the pool_size (although this increases resource consumption)
  4. Allowing requests to wait longer by increasing :queue_target and :queue_interval

See DBConnection.start_link/2 for more information
","1"
"slow_transactions","single","2","32","4","write","pool","","[] connection not available and request was dropped from queue after 676ms. This means requests are coming in and your connection pool cannot serve them fast enough. You can address this by:

  1. Ensuring your database is available and that you can connect to it
  2. Tracking down slow queries and making sure they are running fast enough
  3. Increasing the pool_size (although this increases resource consumption)
  4. Allowing requests to wait longer by increasing :queue_target and :queue_interval

See DBConnection.start_link/2 for more information
","1"
"slow_transactions","single","2","32","4","write","pool","","[] connection not available and request was dropped from queue after 702ms. This means requests are coming in and your connection pool cannot serve them fast enough. You can address this by:

  1. Ensuring your database is available and that you can connect to it
  2. Tracking down slow queries and making sure they are running fast enough
  3. Increasing the pool_size (although this increases resource consumption)
  4. Allowing requests to wait longer by increasing :queue_target and :queue_interval

See DBConnection.start_link/2 for more information
","1"
"slow_transactions","single","2","32","4","write","pool","","[] connection not available and request was dropped from queue after 728ms. This means requests are coming in and your connection pool cannot serve them fast enough. You can address this by:

  1. Ensuring your database is available and that you can connect to it
  2. Tracking down slow queries and making sure they are running fast enough
  3. Increasing the pool_size (although this increases resource consumption)
  4. Allowing requests to wait longer by increasing :queue_target and :queue_interval

See DBConnection.start_link/2 for more information
","1"
"slow_transactions","single","2","32","4","write","pool","","[] connection not available and request was dropped from queue after 754ms. This means requests are coming in and your connection pool cannot serve them fast enough. You can address this by:

  1. Ensuring your database is available and that you can connect to it
  2. Tracking down slow queries and making sure they are running fast enough
  3. Increasing the pool_size (although this increases resource consumption)
  4. Allowing requests to wait longer by increasing :queue_target and :queue_interval

See DBConnection.start_link/2 for more information
","1"
"slow_transactions","single","2","32","4","write","pool","","[] connection not available and request was dropped from queue after 780ms. This means requests are coming in and your connection pool cannot serve them fast enough. You can address this by:

  1. Ensuring your database is available and that you can connect to it
  2. Tracking down slow queries and making sure they are running fast enough
  3. Increasing the pool_size (although this increases resource consumption)
  4. Allowing requests to wait longer by increasing :queue_target and :queue_interval

See DBConnection.start_link/2 for more information
","1"
"slow_transactions","single","2","32","4","write","pool","","[] connection not available and request was dropped from queue after 806ms. This means requests are coming in and your connection pool cannot serve them fast enough. You can address this by:

  1. Ensuring your database is available and that you can connect to it
  2. Tracking down slow queries and making sure they are running fast enough
  3. Increasing the pool_size (although this increases resource consumption)
  4. Allowing requests to wait longer by increasing :queue_target and :queue_interval

See DBConnection.start_link/2 for more information
","1"
"slow_transactions","single","2","32","4","read","pool","","[] connection not available and request was dropped from queue after 104ms. This means requests are coming in and your connection pool cannot serve them fast enough. You can address this by:

  1. Ensuring your database is available and that you can connect to it
  2. Tracking down slow queries and making sure they are running fast enough
  3. Increasing the pool_size (although this increases resource consumption)
  4. Allowing requests to wait longer by increasing :queue_target and :queue_interval

See DBConnection.start_link/2 for more information
","9"
"slow_transactions","single","2","32","4","read","pool","","[] connection not available and request was dropped from queue after 105ms. This means requests are coming in and your connection pool cannot serve them fast enough. You can address this by:

  1. Ensuring your database is available and that you can connect to it
  2. Tracking down slow queries and making sure they are running fast enough
  3. Increasing the pool_size (although this increases resource consumption)
  4. Allowing requests to wait longer by increasing :queue_target and :queue_interval

See DBConnection.start_link/2 for more information
","19"
"slow_transactions","single","2","32","4","read","pool","","[] connection not available and request was dropped from queue after 106ms. This means requests are coming in and your connection pool cannot serve them fast enough. You can address this by:

  1. Ensuring your database is available and that you can connect to it
  2. Tracking down slow queries and making sure they are running fast enough
  3. Increasing the pool_size (although this increases resource consumption)
  4. Allowing requests to wait longer by increasing :queue_target and :queue_interval

See DBConnection.start_link/2 for more information
","2"
"slow_transactions","single","2","32","4","read","pool","","[] connection not available and request was dropped from queue after 364ms. This means requests are coming in and your connection pool cannot serve them fast enough. You can address this by:

  1. Ensuring your database is available and that you can connect to it
  2. Tracking down slow queries and making sure they are running fast enough
  3. Increasing the pool_size (although this increases resource consumption)
  4. Allowing requests to wait longer by increasing :queue_target and :queue_interval

See DBConnection.start_link/2 for more information
","1"
"slow_transactions","single","2","32","4","read","pool","","[] connection not available and request was dropped from queue after 390ms. This means requests are coming in and your connection pool cannot serve them fast enough. You can address this by:

  1. Ensuring your database is available and that you can connect to it
  2. Tracking down slow queries and making sure they are running fast enough
  3. Increasing the pool_size (although this increases resource consumption)
  4. Allowing requests to wait longer by increasing :queue_target and :queue_interval

See DBConnection.start_link/2 for more information
","3"
"slow_transactions","pooled","2","32","4","write","pool","","[] connection not available and request was dropped from queue after 104ms. This means requests are coming in and your connection pool cannot serve them fast enough. You can address this by:

  1. Ensuring your database is available and that you can connect to it
  2. Tracking down slow queries and making sure they are running fast enough
  3. Increasing the pool_size (although this increases resource consumption)
  4. Allowing requests to wait longer by increasing :queue_target and :queue_interval

See DBConnection.start_link/2 for more information
","149"
"slow_transactions","pooled","2","32","4","write","pool","","[] connection not available and request was dropped from queue after 105ms. This means requests are coming in and your connection pool cannot serve them fast enough. You can address this by:

  1. Ensuring your database is available and that you can connect to it
  2. Tracking down slow queries and making sure they are running fast enough
  3. Increasing the pool_size (although this increases resource consumption)
  4. Allowing requests to wait longer by increasing :queue_target and :queue_interval

See DBConnection.start_link/2 for more information
","25"
"slow_transactions","pooled","2","32","4","write","pool","","[] connection not available and request was dropped from queue after 106ms. This means requests are coming in and your connection pool cannot serve them fast enough. You can address this by:

  1. Ensuring your database is available and that you can connect to it
  2. Tracking down slow queries and making sure they are running fast enough
  3. Increasing the pool_size (although this increases resource consumption)
  4. Allowing requests to wait longer by increasing :queue_target and :queue_interval

See DBConnection.start_link/2 for more information
","21"
"slow_transactions","pooled","2","32","4","write","pool","","[] connection not available and request was dropped from queue after 112ms. This means requests are coming in and your connection pool cannot serve them fast enough. You can address this by:

  1. Ensuring your database is available and that you can connect to it
  2. Tracking down slow queries and making sure they are running fast enough
  3. Increasing the pool_size (although this increases resource consumption)
  4. Allowing requests to wait longer by increasing :queue_target and :queue_interval

See DBConnection.start_link/2 for more information
","2"
"slow_transactions","pooled","2","32","4","write","pool","","[] connection not available and request was dropped from queue after 130ms. This means requests are coming in and your connection pool cannot serve them fast enough. You can address this by:

  1. Ensuring your database is available and that you can connect to it
  2. Tracking down slow queries and making sure they are running fast enough
  3. Increasing the pool_size (although this increases resource consumption)
  4. Allowing requests to wait longer by increasing :queue_target and :queue_interval

See DBConnection.start_link/2 for more information
","2"
"slow_transactions","pooled","2","32","4","write","pool","","[] connection not available and request was dropped from queue after 156ms. This means requests are coming in and your connection pool cannot serve them fast enough. You can address this by:

  1. Ensuring your database is available and that you can connect to it
  2. Tracking down slow queries and making sure they are running fast enough
  3. Increasing the pool_size (although this increases resource consumption)
  4. Allowing requests to wait longer by increasing :queue_target and :queue_interval

See DBConnection.start_link/2 for more information
","1"
"slow_transactions","pooled","2","32","4","write","pool","","[] connection not available and request was dropped from queue after 182ms. This means requests are coming in and your connection pool cannot serve them fast enough. You can address this by:

  1. Ensuring your database is available and that you can connect to it
  2. Tracking down slow queries and making sure they are running fast enough
  3. Increasing the pool_size (although this increases resource consumption)
  4. Allowing requests to wait longer by increasing :queue_target and :queue_interval

See DBConnection.start_link/2 for more information
","1"
"slow_transactions","pooled","2","32","4","write","pool","","[] connection not available and request was dropped from queue after 208ms. This means requests are coming in and your connection pool cannot serve them fast enough. You can address this by:

  1. Ensuring your database is available and that you can connect to it
  2. Tracking down slow queries and making sure they are running fast enough
  3. Increasing the pool_size (although this increases resource consumption)
  4. Allowing requests to wait longer by increasing :queue_target and :queue_interval

See DBConnection.start_link/2 for more information
","1"
"slow_transactions","pooled","2","32","4","write","pool","","[] connection not available and request was dropped from queue after 234ms. This means requests are coming in and your connection pool cannot serve them fast enough. You can address this by:

  1. Ensuring your database is available and that you can connect to it
  2. Tracking down slow queries and making sure they are running fast enough
  3. Increasing the pool_size (although this increases resource consumption)
  4. Allowing requests to wait longer by increasing :queue_target and :queue_interval

See DBConnection.start_link/2 for more information
","1"
"slow_transactions","pooled","2","32","4","write","pool","","[] connection not available and request was dropped from queue after 260ms. This means requests are coming in and your connection pool cannot serve them fast enough. You can address this by:

  1. Ensuring your database is available and that you can connect to it
  2. Tracking down slow queries and making sure they are running fast enough
  3. Increasing the pool_size (although this increases resource consumption)
  4. Allowing requests to wait longer by increasing :queue_target and :queue_interval

See DBConnection.start_link/2 for more information
","1"
"slow_transactions","pooled","2","32","4","write","pool","","[] connection not available and request was dropped from queue after 288ms. This means requests are coming in and your connection pool cannot serve them fast enough. You can address this by:

  1. Ensuring your database is available and that you can connect to it
  2. Tracking down slow queries and making sure they are running fast enough
  3. Increasing the pool_size (although this increases resource consumption)
  4. Allowing requests to wait longer by increasing :queue_target and :queue_interval

See DBConnection.start_link/2 for more information
","1"
"slow_transactions","pooled","2","32","4","write","pool","","[] connection not available and request was dropped from queue after 314ms. This means requests are coming in and your connection pool cannot serve them fast enough. You can address this by:

  1. Ensuring your database is available and that you can connect to it
  2. Tracking down slow queries and making sure they are running fast enough
  3. Increasing the pool_size (although this increases resource consumption)
  4. Allowing requests to wait longer by increasing :queue_target and :queue_interval

See DBConnection.start_link/2 for more information
","1"
"slow_transactions","pooled","2","32","4","write","pool","","[] connection not available and request was dropped from queue after 342ms. This means requests are coming in and your connection pool cannot serve them fast enough. You can address this by:

  1. Ensuring your database is available and that you can connect to it
  2. Tracking down slow queries and making sure they are running fast enough
  3. Increasing the pool_size (although this increases resource consumption)
  4. Allowing requests to wait longer by increasing :queue_target and :queue_interval

See DBConnection.start_link/2 for more information
","1"
"slow_transactions","pooled","2","32","4","write","pool","","[] connection not available and request was dropped from queue after 368ms. This means requests are coming in and your connection pool cannot serve them fast enough. You can address this by:

  1. Ensuring your database is available and that you can connect to it
  2. Tracking down slow queries and making sure they are running fast enough
  3. Increasing the pool_size (although this increases resource consumption)
  4. Allowing requests to wait longer by increasing :queue_target and :queue_interval

See DBConnection.start_link/2 for more information
","1"
"slow_transactions","pooled","2","32","4","write","pool","","[] connection not available and request was dropped from queue after 394ms. This means requests are coming in and your connection pool cannot serve them fast enough. You can address this by:

  1. Ensuring your database is available and that you can connect to it
  2. Tracking down slow queries and making sure they are running fast enough
  3. Increasing the pool_size (although this increases resource consumption)
  4. Allowing requests to wait longer by increasing :queue_target and :queue_interval

See DBConnection.start_link/2 for more information
","1"
"slow_transactions","pooled","2","32","4","write","pool","","[] connection not available and request was dropped from queue after 420ms. This means requests are coming in and your connection pool cannot serve them fast enough. You can address this by:

  1. Ensuring your database is available and that you can connect to it
  2. Tracking down slow queries and making sure they are running fast enough
  3. Increasing the pool_size (although this increases resource consumption)
  4. Allowing requests to wait longer by increasing :queue_target and :queue_interval

See DBConnection.start_link/2 for more information
","1"
"slow_transactions","pooled","2","32","4","write","pool","","[] connection not available and request was dropped from queue after 447ms. This means requests are coming in and your connection pool cannot serve them fast enough. You can address this by:

  1. Ensuring your database is available and that you can connect to it
  2. Tracking down slow queries and making sure they are running fast enough
  3. Increasing the pool_size (although this increases resource consumption)
  4. Allowing requests to wait longer by increasing :queue_target and :queue_interval

See DBConnection.start_link/2 for more information
","1"
"slow_transactions","pooled","2","32","4","write","pool","","[] connection not available and request was dropped from queue after 473ms. This means requests are coming in and your connection pool cannot serve them fast enough. You can address this by:

  1. Ensuring your database is available and that you can connect to it
  2. Tracking down slow queries and making sure they are running fast enough
  3. Increasing the pool_size (although this increases resource consumption)
  4. Allowing requests to wait longer by increasing :queue_target and :queue_interval

See DBConnection.start_link/2 for more information
","1"
"slow_transactions","pooled","2","32","4","write","pool","","[] connection not available and request was dropped from queue after 499ms. This means requests are coming in and your connection pool cannot serve them fast enough. You can address this by:

  1. Ensuring your database is available and that you can connect to it
  2. Tracking down slow queries and making sure they are running fast enough
  3. Increasing the pool_size (although this increases resource consumption)
  4. Allowing requests to wait longer by increasing :queue_target and :queue_interval

See DBConnection.start_link/2 for more information
","1"
"slow_transactions","pooled","2","32","4","write","pool","","[] connection not available and request was dropped from queue after 525ms. This means requests are coming in and your connection pool cannot serve them fast enough. You can address this by:

  1. Ensuring your database is available and that you can connect to it
  2. Tracking down slow queries and making sure they are running fast enough
  3. Increasing the pool_size (although this increases resource consumption)
  4. Allowing requests to wait longer by increasing :queue_target and :queue_interval

See DBConnection.start_link/2 for more information
","1"
"slow_transactions","pooled","2","32","4","write","pool","","[] connection not available and request was dropped from queue after 551ms. This means requests are coming in and your connection pool cannot serve them fast enough. You can address this by:

  1. Ensuring your database is available and that you can connect to it
  2. Tracking down slow queries and making sure they are running fast enough
  3. Increasing the pool_size (although this increases resource consumption)
  4. Allowing requests to wait longer by increasing :queue_target and :queue_interval

See DBConnection.start_link/2 for more information
","1"
"slow_transactions","pooled","2","32","4","write","pool","","[] connection not available and request was dropped from queue after 577ms. This means requests are coming in and your connection pool cannot serve them fast enough. You can address this by:

  1. Ensuring your database is available and that you can connect to it
  2. Tracking down slow queries and making sure they are running fast enough
  3. Increasing the pool_size (although this increases resource consumption)
  4. Allowing requests to wait longer by increasing :queue_target and :queue_interval

See DBConnection.start_link/2 for more information
","1"
"slow_transactions","pooled","2","32","4","write","pool","","[] connection not available and request was dropped from queue after 603ms. This means requests are coming in and your connection pool cannot serve them fast enough. You can address this by:

  1. Ensuring your database is available and that you can connect to it
  2. Tracking down slow queries and making sure they are running fast enough
  3. Increasing the pool_size (although this increases resource consumption)
  4. Allowing requests to wait longer by increasing :queue_target and :queue_interval

See DBConnection.start_link/2 for more information
","1"
"slow_transactions","pooled","2","32","4","write","pool","","[] connection not available and request was dropped from queue after 629ms. This means requests are coming in and your connection pool cannot serve them fast enough. You can address this by:

  1. Ensuring your database is available and that you can connect to it
  2. Tracking down slow queries and making sure they are running fast enough
  3. Increasing the pool_size (although this increases resource consumption)
  4. Allowing requests to wait longer by increasing :queue_target and :queue_interval

See DBConnection.start_link/2 for more information
","1"
"slow_transactions","pooled","2","32","4","write","sqlite","BEGIN IMMEDIATE TRANSACTION","database is locked","4"
"slow_transactions","pooled","2","32","4","read","pool","","[] connection not available and request was dropped from queue after 104ms. This means requests are coming in and your connection pool cannot serve them fast enough. You can address this by:

  1. Ensuring your database is available and that you can connect to it
  2. Tracking down slow queries and making sure they are running fast enough
  3. Increasing the pool_size (although this increases resource consumption)
  4. Allowing requests to wait longer by increasing :queue_target and :queue_interval

See DBConnection.start_link/2 for more information
","24"
"slow_transactions","pooled","2","32","4","read","pool","","[] connection not available and request was dropped from queue after 105ms. This means requests are coming in and your connection pool cannot serve them fast enough. You can address this by:

  1. Ensuring your database is available and that you can connect to it
  2. Tracking down slow queries and making sure they are running fast enough
  3. Increasing the pool_size (although this increases resource consumption)
  4. Allowing requests to wait longer by increasing :queue_target and :queue_interval

See DBConnection.start_link/2 for more information
","8"
"slow_transactions","pooled","2","32","4","read","pool","","[] connection not available and request was dropped from queue after 106ms. This means requests are coming in and your connection pool cannot serve them fast enough. You can address this by:

  1. Ensuring your database is available and that you can connect to it
  2. Tracking down slow queries and making sure they are running fast enough
  3. Increasing the pool_size (although this increases resource consumption)
  4. Allowing requests to wait longer by increasing :queue_target and :queue_interval

See DBConnection.start_link/2 for more information
","1"
"slow_transactions","pooled","2","32","4","read","pool","","[] connection not available and request was dropped from queue after 130ms. This means requests are coming in and your connection pool cannot serve them fast enough. You can address this by:

  1. Ensuring your database is available and that you can connect to it
  2. Tracking down slow queries and making sure they are running fast enough
  3. Increasing the pool_size (although this increases resource consumption)
  4. Allowing requests to wait longer by increasing :queue_target and :queue_interval

See DBConnection.start_link/2 for more information
","2"
"slow_transactions","pooled","2","32","4","read","pool","","[] connection not available and request was dropped from queue after 603ms. This means requests are coming in and your connection pool cannot serve them fast enough. You can address this by:

  1. Ensuring your database is available and that you can connect to it
  2. Tracking down slow queries and making sure they are running fast enough
  3. Increasing the pool_size (although this increases resource consumption)
  4. Allowing requests to wait longer by increasing :queue_target and :queue_interval

See DBConnection.start_link/2 for more information
","4"
"checkout_overload","single","1","1","4","read","pool","","[] connection not available and request was dropped from queue after 21ms. This means requests are coming in and your connection pool cannot serve them fast enough. You can address this by:

  1. Ensuring your database is available and that you can connect to it
  2. Tracking down slow queries and making sure they are running fast enough
  3. Increasing the pool_size (although this increases resource consumption)
  4. Allowing requests to wait longer by increasing :queue_target and :queue_interval

See DBConnection.start_link/2 for more information
","8"
"checkout_overload","single","1","1","4","read","pool","","[] connection not available and request was dropped from queue after 23ms. This means requests are coming in and your connection pool cannot serve them fast enough. You can address this by:

  1. Ensuring your database is available and that you can connect to it
  2. Tracking down slow queries and making sure they are running fast enough
  3. Increasing the pool_size (although this increases resource consumption)
  4. Allowing requests to wait longer by increasing :queue_target and :queue_interval

See DBConnection.start_link/2 for more information
","8"
"checkout_overload","single","1","1","4","read","pool","","[] connection not available and request was dropped from queue after 24ms. This means requests are coming in and your connection pool cannot serve them fast enough. You can address this by:

  1. Ensuring your database is available and that you can connect to it
  2. Tracking down slow queries and making sure they are running fast enough
  3. Increasing the pool_size (although this increases resource consumption)
  4. Allowing requests to wait longer by increasing :queue_target and :queue_interval

See DBConnection.start_link/2 for more information
","10"
"checkout_overload","single","1","1","4","read","pool","","[] connection not available and request was dropped from queue after 25ms. This means requests are coming in and your connection pool cannot serve them fast enough. You can address this by:

  1. Ensuring your database is available and that you can connect to it
  2. Tracking down slow queries and making sure they are running fast enough
  3. Increasing the pool_size (although this increases resource consumption)
  4. Allowing requests to wait longer by increasing :queue_target and :queue_interval

See DBConnection.start_link/2 for more information
","2"
"checkout_overload","single","1","1","4","read","pool","","[] connection not available and request was dropped from queue after 26ms. This means requests are coming in and your connection pool cannot serve them fast enough. You can address this by:

  1. Ensuring your database is available and that you can connect to it
  2. Tracking down slow queries and making sure they are running fast enough
  3. Increasing the pool_size (although this increases resource consumption)
  4. Allowing requests to wait longer by increasing :queue_target and :queue_interval

See DBConnection.start_link/2 for more information
","2"
"checkout_overload","single","1","1","4","read","pool","","[] connection not available and request was dropped from queue after 27ms. This means requests are coming in and your connection pool cannot serve them fast enough. You can address this by:

  1. Ensuring your database is available and that you can connect to it
  2. Tracking down slow queries and making sure they are running fast enough
  3. Increasing the pool_size (although this increases resource consumption)
  4. Allowing requests to wait longer by increasing :queue_target and :queue_interval

See DBConnection.start_link/2 for more information
","2"
"checkout_overload","single","1","1","4","read","pool","","[] connection not available and request was dropped from queue after 3ms. This means requests are coming in and your connection pool cannot serve them fast enough. You can address this by:

  1. Ensuring your database is available and that you can connect to it
  2. Tracking down slow queries and making sure they are running fast enough
  3. Increasing the pool_size (although this increases resource consumption)
  4. Allowing requests to wait longer by increasing :queue_target and :queue_interval

See DBConnection.start_link/2 for more information
","14"
"checkout_overload","single","1","1","4","read","pool","","[] connection not available and request was dropped from queue after 5ms. This means requests are coming in and your connection pool cannot serve them fast enough. You can address this by:

  1. Ensuring your database is available and that you can connect to it
  2. Tracking down slow queries and making sure they are running fast enough
  3. Increasing the pool_size (although this increases resource consumption)
  4. Allowing requests to wait longer by increasing :queue_target and :queue_interval

See DBConnection.start_link/2 for more information
","4"
"checkout_overload","single","1","1","4","read","pool","","[] connection not available and request was dropped from queue after 6ms. This means requests are coming in and your connection pool cannot serve them fast enough. You can address this by:

  1. Ensuring your database is available and that you can connect to it
  2. Tracking down slow queries and making sure they are running fast enough
  3. Increasing the pool_size (although this increases resource consumption)
  4. Allowing requests to wait longer by increasing :queue_target and :queue_interval

See DBConnection.start_link/2 for more information
","8"
"checkout_overload","single","2","1","4","read","pool","","[] connection not available and request was dropped from queue after 21ms. This means requests are coming in and your connection pool cannot serve them fast enough. You can address this by:

  1. Ensuring your database is available and that you can connect to it
  2. Tracking down slow queries and making sure they are running fast enough
  3. Increasing the pool_size (although this increases resource consumption)
  4. Allowing requests to wait longer by increasing :queue_target and :queue_interval

See DBConnection.start_link/2 for more information
","1"
"checkout_overload","single","2","1","4","read","pool","","[] connection not available and request was dropped from queue after 22ms. This means requests are coming in and your connection pool cannot serve them fast enough. You can address this by:

  1. Ensuring your database is available and that you can connect to it
  2. Tracking down slow queries and making sure they are running fast enough
  3. Increasing the pool_size (although this increases resource consumption)
  4. Allowing requests to wait longer by increasing :queue_target and :queue_interval

See DBConnection.start_link/2 for more information
","7"
"checkout_overload","single","2","1","4","read","pool","","[] connection not available and request was dropped from queue after 23ms. This means requests are coming in and your connection pool cannot serve them fast enough. You can address this by:

  1. Ensuring your database is available and that you can connect to it
  2. Tracking down slow queries and making sure they are running fast enough
  3. Increasing the pool_size (although this increases resource consumption)
  4. Allowing requests to wait longer by increasing :queue_target and :queue_interval

See DBConnection.start_link/2 for more information
","8"
"checkout_overload","single","2","1","4","read","pool","","[] connection not available and request was dropped from queue after 25ms. This means requests are coming in and your connection pool cannot serve them fast enough. You can address this by:

  1. Ensuring your database is available and that you can connect to it
  2. Tracking down slow queries and making sure they are running fast enough
  3. Increasing the pool_size (although this increases resource consumption)
  4. Allowing requests to wait longer by increasing :queue_target and :queue_interval

See DBConnection.start_link/2 for more information
","4"
"checkout_overload","single","2","1","4","read","pool","","[] connection not available and request was dropped from queue after 26ms. This means requests are coming in and your connection pool cannot serve them fast enough. You can address this by:

  1. Ensuring your database is available and that you can connect to it
  2. Tracking down slow queries and making sure they are running fast enough
  3. Increasing the pool_size (although this increases resource consumption)
  4. Allowing requests to wait longer by increasing :queue_target and :queue_interval

See DBConnection.start_link/2 for more information
","12"
"checkout_overload","single","2","1","4","read","pool","","[] connection not available and request was dropped from queue after 4ms. This means requests are coming in and your connection pool cannot serve them fast enough. You can address this by:

  1. Ensuring your database is available and that you can connect to it
  2. Tracking down slow queries and making sure they are running fast enough
  3. Increasing the pool_size (although this increases resource consumption)
  4. Allowing requests to wait longer by increasing :queue_target and :queue_interval

See DBConnection.start_link/2 for more information
","12"
"checkout_overload","single","2","1","4","read","pool","","[] connection not available and request was dropped from queue after 5ms. This means requests are coming in and your connection pool cannot serve them fast enough. You can address this by:

  1. Ensuring your database is available and that you can connect to it
  2. Tracking down slow queries and making sure they are running fast enough
  3. Increasing the pool_size (although this increases resource consumption)
  4. Allowing requests to wait longer by increasing :queue_target and :queue_interval

See DBConnection.start_link/2 for more information
","4"
"checkout_overload","pooled","1","8","0","write","pool","","[] connection not available and request was dropped from queue after 18ms. This means requests are coming in and your connection pool cannot serve them fast enough. You can address this by:

  1. Ensuring your database is available and that you can connect to it
  2. Tracking down slow queries and making sure they are running fast enough
  3. Increasing the pool_size (although this increases resource consumption)
  4. Allowing requests to wait longer by increasing :queue_target and :queue_interval

See DBConnection.start_link/2 for more information
","1"
"checkout_overload","pooled","1","8","0","write","pool","","[] connection not available and request was dropped from queue after 20ms. This means requests are coming in and your connection pool cannot serve them fast enough. You can address this by:

  1. Ensuring your database is available and that you can connect to it
  2. Tracking down slow queries and making sure they are running fast enough
  3. Increasing the pool_size (although this increases resource consumption)
  4. Allowing requests to wait longer by increasing :queue_target and :queue_interval

See DBConnection.start_link/2 for more information
","8"
"checkout_overload","pooled","1","8","0","write","pool","","[] connection not available and request was dropped from queue after 21ms. This means requests are coming in and your connection pool cannot serve them fast enough. You can address this by:

  1. Ensuring your database is available and that you can connect to it
  2. Tracking down slow queries and making sure they are running fast enough
  3. Increasing the pool_size (although this increases resource consumption)
  4. Allowing requests to wait longer by increasing :queue_target and :queue_interval

See DBConnection.start_link/2 for more information
","2"
"checkout_overload","pooled","1","8","0","write","pool","","[] connection not available and request was dropped from queue after 22ms. This means requests are coming in and your connection pool cannot serve them fast enough. You can address this by:

  1. Ensuring your database is available and that you can connect to it
  2. Tracking down slow queries and making sure they are running fast enough
  3. Increasing the pool_size (although this increases resource consumption)
  4. Allowing requests to wait longer by increasing :queue_target and :queue_interval

See DBConnection.start_link/2 for more information
","3"
"checkout_overload","pooled","1","8","0","write","pool","","[] connection not available and request was dropped from queue after 24ms. This means requests are coming in and your connection pool cannot serve them fast enough. You can address this by:

  1. Ensuring your database is available and that you can connect to it
  2. Tracking down slow queries and making sure they are running fast enough
  3. Increasing the pool_size (although this increases resource consumption)
  4. Allowing requests to wait longer by increasing :queue_target and :queue_interval

See DBConnection.start_link/2 for more information
","3"
"checkout_overload","pooled","1","8","0","write","pool","","[] connection not available and request was dropped from queue after 26ms. This means requests are coming in and your connection pool cannot serve them fast enough. You can address this by:

  1. Ensuring your database is available and that you can connect to it
  2. Tracking down slow queries and making sure they are running fast enough
  3. Increasing the pool_size (although this increases resource consumption)
  4. Allowing requests to wait longer by increasing :queue_target and :queue_interval

See DBConnection.start_link/2 for more information
","3"
"checkout_overload","pooled","1","8","0","write","pool","","[] connection not available and request was dropped from queue after 27ms. This means requests are coming in and your connection pool cannot serve them fast enough. You can address this by:

  1. Ensuring your database is available and that you can connect to it
  2. Tracking down slow queries and making sure they are running fast enough
  3. Increasing the pool_size (although this increases resource consumption)
  4. Allowing requests to wait longer by increasing :queue_target and :queue_interval

See DBConnection.start_link/2 for more information
","3"
"checkout_overload","pooled","1","8","0","write","pool","","[] connection not available and request was dropped from queue after 29ms. This means requests are coming in and your connection pool cannot serve them fast enough. You can address this by:

  1. Ensuring your database is available and that you can connect to it
  2. Tracking down slow queries and making sure they are running fast enough
  3. Increasing the pool_size (although this increases resource consumption)
  4. Allowing requests to wait longer by increasing :queue_target and :queue_interval

See DBConnection.start_link/2 for more information
","1"
"checkout_overload","pooled","1","8","0","write","pool","","[] connection not available and request was dropped from queue after 30ms. This means requests are coming in and your connection pool cannot serve them fast enough. You can address this by:

  1. Ensuring your database is available and that you can connect to it
  2. Tracking down slow queries and making sure they are running fast enough
  3. Increasing the pool_size (although this increases resource consumption)
  4. Allowing requests to wait longer by increasing :queue_target and :queue_interval

See DBConnection.start_link/2 for more information
","1"
"checkout_overload","pooled","1","8","0","write","pool","","[] connection not available and request was dropped from queue after 3ms. This means requests are coming in and your connection pool cannot serve them fast enough. You can address this by:

  1. Ensuring your database is available and that you can connect to it
  2. Tracking down slow queries and making sure they are running fast enough
  3. Increasing the pool_size (although this increases resource consumption)
  4. Allowing requests to wait longer by increasing :queue_target and :queue_interval

See DBConnection.start_link/2 for more information
","3"
"checkout_overload","pooled","1","8","0","write","pool","","[] connection not available and request was dropped from queue after 4ms. This means requests are coming in and your connection pool cannot serve them fast enough. You can address this by:

  1. Ensuring your database is available and that you can connect to it
  2. Tracking down slow queries and making sure they are running fast enough
  3. Increasing the pool_size (although this increases resource consumption)
  4. Allowing requests to wait longer by increasing :queue_target and :queue_interval

See DBConnection.start_link/2 for more information
","3"
"checkout_overload","pooled","1","8","0","write","pool","","[] connection not available and request was dropped from queue after 6ms. This means requests are coming in and your connection pool cannot serve them fast enough. You can address this by:

  1. Ensuring your database is available and that you can connect to it
  2. Tracking down slow queries and making sure they are running fast enough
  3. Increasing the pool_size (although this increases resource consumption)
  4. Allowing requests to wait longer by increasing :queue_target and :queue_interval

See DBConnection.start_link/2 for more information
","3"
"checkout_overload","pooled","1","8","0","write","pool","","[] connection not available and request was dropped from queue after 8ms. This means requests are coming in and your connection pool cannot serve them fast enough. You can address this by:

  1. Ensuring your database is available and that you can connect to it
  2. Tracking down slow queries and making sure they are running fast enough
  3. Increasing the pool_size (although this increases resource consumption)
  4. Allowing requests to wait longer by increasing :queue_target and :queue_interval

See DBConnection.start_link/2 for more information
","3"
"checkout_overload","single","1","8","0","write","pool","","[] connection not available and request was dropped from queue after 18ms. This means requests are coming in and your connection pool cannot serve them fast enough. You can address this by:

  1. Ensuring your database is available and that you can connect to it
  2. Tracking down slow queries and making sure they are running fast enough
  3. Increasing the pool_size (although this increases resource consumption)
  4. Allowing requests to wait longer by increasing :queue_target and :queue_interval

See DBConnection.start_link/2 for more information
","1"
"checkout_overload","single","1","8","0","write","pool","","[] connection not available and request was dropped from queue after 20ms. This means requests are coming in and your connection pool cannot serve them fast enough. You can address this by:

  1. Ensuring your database is available and that you can connect to it
  2. Tracking down slow queries and making sure they are running fast enough
  3. Increasing the pool_size (although this increases resource consumption)
  4. Allowing requests to wait longer by increasing :queue_target and :queue_interval

See DBConnection.start_link/2 for more information
","23"
"checkout_overload","single","1","8","0","write","pool","","[] connection not available and request was dropped from queue after 22ms. This means requests are coming in and your connection pool cannot serve them fast enough. You can address this by:

  1. Ensuring your database is available and that you can connect to it
  2. Tracking down slow queries and making sure they are running fast enough
  3. Increasing the pool_size (although this increases resource consumption)
  4. Allowing requests to wait longer by increasing :queue_target and :queue_interval

See DBConnection.start_link/2 for more information
","8"
"checkout_overload","single","1","8","0","write","pool","","[] connection not available and request was dropped from queue after 26ms. This means requests are coming in and your connection pool cannot serve them fast enough. You can address this by:

  1. Ensuring your database is available and that you can connect to it
  2. Tracking down slow queries and making sure they are running fast enough
  3. Increasing the pool_size (although this increases resource consumption)
  4. Allowing requests to wait longer by increasing :queue_target and :queue_interval

See DBConnection.start_link/2 for more information
","14"
"checkout_overload","single","1","8","0","write","pool","","[] connection not available and request was dropped from queue after 28ms. This means requests are coming in and your connection pool cannot serve them fast enough. You can address this by:

  1. Ensuring your database is available and that you can connect to it
  2. Tracking down slow queries and making sure they are running fast enough
  3. Increasing the pool_size (although this increases resource consumption)
  4. Allowing requests to wait longer by increasing :queue_target and :queue_interval

See DBConnection.start_link/2 for more information
","6"
"checkout_overload","single","1","8","0","write","pool","","[] connection not available and request was dropped from queue after 30ms. This means requests are coming in and your connection pool cannot serve them fast enough. You can address this by:

  1. Ensuring your database is available and that you can connect to it
  2. Tracking down slow queries and making sure they are running fast enough
  3. Increasing the pool_size (although this increases resource consumption)
  4. Allowing requests to wait longer by increasing :queue_target and :queue_interval

See DBConnection.start_link/2 for more information
","11"
"checkout_overload","single","1","8","0","write","pool","","[] connection not available and request was dropped from queue after 4ms. This means requests are coming in and your connection pool cannot serve them fast enough. You can address this by:

  1. Ensuring your database is available and that you can connect to it
  2. Tracking down slow queries and making sure they are running fast enough
  3. Increasing the pool_size (although this increases resource consumption)
  4. Allowing requests to wait longer by increasing :queue_target and :queue_interval

See DBConnection.start_link/2 for more information
","15"
"checkout_overload","single","1","8","0","write","pool","","[] connection not available and request was dropped from queue after 8ms. This means requests are coming in and your connection pool cannot serve them fast enough. You can address this by:

  1. Ensuring your database is available and that you can connect to it
  2. Tracking down slow queries and making sure they are running fast enough
  3. Increasing the pool_size (although this increases resource consumption)
  4. Allowing requests to wait longer by increasing :queue_target and :queue_interval

See DBConnection.start_link/2 for more information
","7"
"checkout_overload","single","2","8","0","write","pool","","[] connection not available and request was dropped from queue after 20ms. This means requests are coming in and your connection pool cannot serve them fast enough. You can address this by:

  1. Ensuring your database is available and that you can connect to it
  2. Tracking down slow queries and making sure they are running fast enough
  3. Increasing the pool_size (although this increases resource consumption)
  4. Allowing requests to wait longer by increasing :queue_target and :queue_interval

See DBConnection.start_link/2 for more information
","22"
"checkout_overload","single","2","8","0","write","pool","","[] connection not available and request was dropped from queue after 21ms. This means requests are coming in and your connection pool cannot serve them fast enough. You can address this by:

  1. Ensuring your database is available and that you can connect to it
  2. Tracking down slow queries and making sure they are running fast enough
  3. Increasing the pool_size (although this increases resource consumption)
  4. Allowing requests to wait longer by increasing :queue_target and :queue_interval

See DBConnection.start_link/2 for more information
","1"
"checkout_overload","single","2","8","0","write","pool","","[] connection not available and request was dropped from queue after 22ms. This means requests are coming in and your connection pool cannot serve them fast enough. You can address this by:

  1. Ensuring your database is available and that you can connect to it
  2. Tracking down slow queries and making sure they are running fast enough
  3. Increasing the pool_size (although this increases resource consumption)
  4. Allowing requests to wait longer by increasing :queue_target and :queue_interval

See DBConnection.start_link/2 for more information
","1"
"checkout_overload","single","2","8","0","write","pool","","[] connection not available and request was dropped from queue after 25ms. This means requests are coming in and your connection pool cannot serve them fast enough. You can address this by:

  1. Ensuring your database is available and that you can connect to it
  2. Tracking down slow queries and making sure they are running fast enough
  3. Increasing the pool_size (although this increases resource consumption)
  4. Allowing requests to wait longer by increasing :queue_target and :queue_interval

See DBConnection.start_link/2 for more information
","14"
"checkout_overload","single","2","8","0","write","pool","","[] connection not available and request was dropped from queue after 27ms. This means requests are coming in and your connection pool cannot serve them fast enough. You can address this by:

  1. Ensuring your database is available and that you can connect to it
  2. Tracking down slow queries and making sure they are running fast enough
  3. Increasing the pool_size (although this increases resource consumption)
  4. Allowing requests to wait longer by increasing :queue_target and :queue_interval

See DBConnection.start_link/2 for more information
","6"
"checkout_overload","single","2","8","0","write","pool","","[] connection not available and request was dropped from queue after 28ms. This means requests are coming in and your connection pool cannot serve them fast enough. You can address this by:

  1. Ensuring your database is available and that you can connect to it
  2. Tracking down slow queries and making sure they are running fast enough
  3. Increasing the pool_size (although this increases resource consumption)
  4. Allowing requests to wait longer by increasing :queue_target and :queue_interval

See DBConnection.start_link/2 for more information
","6"
"checkout_overload","single","2","8","0","write","pool","","[] connection not available and request was dropped from queue after 29ms. This means requests are coming in and your connection pool cannot serve them fast enough. You can address this by:

  1. Ensuring your database is available and that you can connect to it
  2. Tracking down slow queries and making sure they are running fast enough
  3. Increasing the pool_size (although this increases resource consumption)
  4. Allowing requests to wait longer by increasing :queue_target and :queue_interval

See DBConnection.start_link/2 for more information
","2"
"checkout_overload","single","2","8","0","write","pool","","[] connection not available and request was dropped from queue after 30ms. This means requests are coming in and your connection pool cannot serve them fast enough. You can address this by:

  1. Ensuring your database is available and that you can connect to it
  2. Tracking down slow queries and making sure they are running fast enough
  3. Increasing the pool_size (although this increases resource consumption)
  4. Allowing requests to wait longer by increasing :queue_target and :queue_interval

See DBConnection.start_link/2 for more information
","9"
"checkout_overload","single","2","8","0","write","pool","","[] connection not available and request was dropped from queue after 3ms. This means requests are coming in and your connection pool cannot serve them fast enough. You can address this by:

  1. Ensuring your database is available and that you can connect to it
  2. Tracking down slow queries and making sure they are running fast enough
  3. Increasing the pool_size (although this increases resource consumption)
  4. Allowing requests to wait longer by increasing :queue_target and :queue_interval

See DBConnection.start_link/2 for more information
","11"
"checkout_overload","single","2","8","0","write","pool","","[] connection not available and request was dropped from queue after 5ms. This means requests are coming in and your connection pool cannot serve them fast enough. You can address this by:

  1. Ensuring your database is available and that you can connect to it
  2. Tracking down slow queries and making sure they are running fast enough
  3. Increasing the pool_size (although this increases resource consumption)
  4. Allowing requests to wait longer by increasing :queue_target and :queue_interval

See DBConnection.start_link/2 for more information
","14"
"checkout_overload","pooled","2","8","0","write","pool","","[] connection not available and request was dropped from queue after 13ms. This means requests are coming in and your connection pool cannot serve them fast enough. You can address this by:

  1. Ensuring your database is available and that you can connect to it
  2. Tracking down slow queries and making sure they are running fast enough
  3. Increasing the pool_size (although this increases resource consumption)
  4. Allowing requests to wait longer by increasing :queue_target and :queue_interval

See DBConnection.start_link/2 for more information
","1"
"checkout_overload","pooled","2","8","0","write","pool","","[] connection not available and request was dropped from queue after 17ms. This means requests are coming in and your connection pool cannot serve them fast enough. You can address this by:

  1. Ensuring your database is available and that you can connect to it
  2. Tracking down slow queries and making sure they are running fast enough
  3. Increasing the pool_size (although this increases resource consumption)
  4. Allowing requests to wait longer by increasing :queue_target and :queue_interval

See DBConnection.start_link/2 for more information
","1"
"checkout_overload","pooled","2","8","0","write","pool","","[] connection not available and request was dropped from queue after 20ms. This means requests are coming in and your connection pool cannot serve them fast enough. You can address this by:

  1. Ensuring your database is available and that you can connect to it
  2. Tracking down slow queries and making sure they are running fast enough
  3. Increasing the pool_size (although this increases resource consumption)
  4. Allowing requests to wait longer by increasing :queue_target and :queue_interval

See DBConnection.start_link/2 for more information
","7"
"checkout_overload","pooled","2","8","0","write","pool","","[] connection not available and request was dropped from queue after 21ms. This means requests are coming in and your connection pool cannot serve them fast enough. You can address this by:

  1. Ensuring your database is available and that you can connect to it
  2. Tracking down slow queries and making sure they are running fast enough
  3. Increasing the pool_size (although this increases resource consumption)
  4. Allowing requests to wait longer by increasing :queue_target and :queue_interval

See DBConnection.start_link/2 for more information
","1"
"checkout_overload","pooled","2","8","0","write","pool","","[] connection not available and request was dropped from queue after 22ms. This means requests are coming in and your connection pool cannot serve them fast enough. You can address this by:

  1. Ensuring your database is available and that you can connect to it
  2. Tracking down slow queries and making sure they are running fast enough
  3. Increasing the pool_size (although this increases resource consumption)
  4. Allowing requests to wait longer by increasing :queue_target and :queue_interval

See DBConnection.start_link/2 for more information
","1"
"checkout_overload","pooled","2","8","0","write","pool","","[] connection not available and request was dropped from queue after 25ms. This means requests are coming in and your connection pool cannot serve them fast enough. You can address this by:

  1. Ensuring your database is available and that you can connect to it
  2. Tracking down slow queries and making sure they are running fast enough
  3. Increasing the pool_size (although this increases resource consumption)
  4. Allowing requests to wait longer by increasing :queue_target and :queue_interval

See DBConnection.start_link/2 for more information
","3"
"checkout_overload","pooled","2","8","0","write","pool","","[] connection not available and request was dropped from queue after 26ms. This means requests are coming in and your connection pool cannot serve them fast enough. You can address this by:

  1. Ensuring your database is available and that you can connect to it
  2. Tracking down slow queries and making sure they are running fast enough
  3. Increasing the pool_size (although this increases resource consumption)
  4. Allowing requests to wait longer by increasing :queue_target and :queue_interval

See DBConnection.start_link/2 for more information
","3"
"checkout_overload","pooled","2","8","0","write","pool","","[] connection not available and request was dropped from queue after 27ms. This means requests are coming in and your connection pool cannot serve them fast enough. You can address this by:

  1. Ensuring your database is available and that you can connect to it
  2. Tracking down slow queries and making sure they are running fast enough
  3. Increasing the pool_size (although this increases resource consumption)
  4. Allowing requests to wait longer by increasing :queue_target and :queue_interval

See DBConnection.start_link/2 for more information
","2"
"checkout_overload","pooled","2","8","0","write","pool","","[] connection not available and request was dropped from queue after 28ms. This means requests are coming in and your connection pool cannot serve them fast enough. You can address this by:

  1. Ensuring your database is available and that you can connect to it
  2. Tracking down slow queries and making sure they are running fast enough
  3. Increasing the pool_size (although this increases resource consumption)
  4. Allowing requests to wait longer by increasing :queue_target and :queue_interval

See DBConnection.start_link/2 for more information
","2"
"checkout_overload","pooled","2","8","0","write","pool","","[] connection not available and request was dropped from queue after 30ms. This means requests are coming in and your connection pool cannot serve them fast enough. You can address this by:

  1. Ensuring your database is available and that you can connect to it
  2. Tracking down slow queries and making sure they are running fast enough
  3. Increasing the pool_size (although this increases resource consumption)
  4. Allowing requests to wait longer by increasing :queue_target and :queue_interval

See DBConnection.start_link/2 for more information
","3"
"checkout_overload","pooled","2","8","0","write","pool","","[] connection not available and request was dropped from queue after 39ms. This means requests are coming in and your connection pool cannot serve them fast enough. You can address this by:

  1. Ensuring your database is available and that you can connect to it
  2. Tracking down slow queries and making sure they are running fast enough
  3. Increasing the pool_size (although this increases resource consumption)
  4. Allowing requests to wait longer by increasing :queue_target and :queue_interval

See DBConnection.start_link/2 for more information
","1"
"checkout_overload","pooled","2","8","0","write","pool","","[] connection not available and request was dropped from queue after 3ms. This means requests are coming in and your connection pool cannot serve them fast enough. You can address this by:

  1. Ensuring your database is available and that you can connect to it
  2. Tracking down slow queries and making sure they are running fast enough
  3. Increasing the pool_size (although this increases resource consumption)
  4. Allowing requests to wait longer by increasing :queue_target and :queue_interval

See DBConnection.start_link/2 for more information
","4"
"checkout_overload","pooled","2","8","0","write","pool","","[] connection not available and request was dropped from queue after 4ms. This means requests are coming in and your connection pool cannot serve them fast enough. You can address this by:

  1. Ensuring your database is available and that you can connect to it
  2. Tracking down slow queries and making sure they are running fast enough
  3. Increasing the pool_size (although this increases resource consumption)
  4. Allowing requests to wait longer by increasing :queue_target and :queue_interval

See DBConnection.start_link/2 for more information
","3"
"checkout_overload","pooled","2","8","0","write","pool","","[] connection not available and request was dropped from queue after 5ms. This means requests are coming in and your connection pool cannot serve them fast enough. You can address this by:

  1. Ensuring your database is available and that you can connect to it
  2. Tracking down slow queries and making sure they are running fast enough
  3. Increasing the pool_size (although this increases resource consumption)
  4. Allowing requests to wait longer by increasing :queue_target and :queue_interval

See DBConnection.start_link/2 for more information
","3"
"checkout_overload","pooled","2","8","0","write","pool","","[] connection not available and request was dropped from queue after 9ms. This means requests are coming in and your connection pool cannot serve them fast enough. You can address this by:

  1. Ensuring your database is available and that you can connect to it
  2. Tracking down slow queries and making sure they are running fast enough
  3. Increasing the pool_size (although this increases resource consumption)
  4. Allowing requests to wait longer by increasing :queue_target and :queue_interval

See DBConnection.start_link/2 for more information
","1"
"checkout_overload","pooled","1","8","4","write","pool","","[] connection not available and request was dropped from queue after 20ms. This means requests are coming in and your connection pool cannot serve them fast enough. You can address this by:

  1. Ensuring your database is available and that you can connect to it
  2. Tracking down slow queries and making sure they are running fast enough
  3. Increasing the pool_size (although this increases resource consumption)
  4. Allowing requests to wait longer by increasing :queue_target and :queue_interval

See DBConnection.start_link/2 for more information
","9"
"checkout_overload","pooled","1","8","4","write","pool","","[] connection not available and request was dropped from queue after 21ms. This means requests are coming in and your connection pool cannot serve them fast enough. You can address this by:

  1. Ensuring your database is available and that you can connect to it
  2. Tracking down slow queries and making sure they are running fast enough
  3. Increasing the pool_size (although this increases resource consumption)
  4. Allowing requests to wait longer by increasing :queue_target and :queue_interval

See DBConnection.start_link/2 for more information
","2"
"checkout_overload","pooled","1","8","4","write","pool","","[] connection not available and request was dropped from queue after 25ms. This means requests are coming in and your connection pool cannot serve them fast enough. You can address this by:

  1. Ensuring your database is available and that you can connect to it
  2. Tracking down slow queries and making sure they are running fast enough
  3. Increasing the pool_size (although this increases resource consumption)
  4. Allowing requests to wait longer by increasing :queue_target and :queue_interval

See DBConnection.start_link/2 for more information
","4"
"checkout_overload","pooled","1","8","4","write","pool","","[] connection not available and request was dropped from queue after 27ms. This means requests are coming in and your connection pool cannot serve them fast enough. You can address this by:

  1. Ensuring your database is available and that you can connect to it
  2. Tracking down slow queries and making sure they are running fast enough
  3. Increasing the pool_size (although this increases resource consumption)
  4. Allowing requests to wait longer by increasing :queue_target and :queue_interval

See DBConnection.start_link/2 for more information
","6"
"checkout_overload","pooled","1","8","4","write","pool","","[] connection not available and request was dropped from queue after 29ms. This means requests are coming in and your connection pool cannot serve them fast enough. You can address this by:

  1. Ensuring your database is available and that you can connect to it
  2. Tracking down slow queries and making sure they are running fast enough
  3. Increasing the pool_size (although this increases resource consumption)
  4. Allowing requests to wait longer by increasing :queue_target and :queue_interval

See DBConnection.start_link/2 for more information
","1"
"checkout_overload","pooled","1","8","4","write","pool","","[] connection not available and request was dropped from queue after 30ms. This means requests are coming in and your connection pool cannot serve them fast enough. You can address this by:

  1. Ensuring your database is available and that you can connect to it
  2. Tracking down slow queries and making sure they are running fast enough
  3. Increasing the pool_size (although this increases resource consumption)
  4. Allowing requests to wait longer by increasing :queue_target and :queue_interval

See DBConnection.start_link/2 for more information
","3"
"checkout_overload","pooled","1","8","4","write","pool","","[] connection not available and request was dropped from queue after 3ms. This means requests are coming in and your connection pool cannot serve them fast enough. You can address this by:

  1. Ensuring your database is available and that you can connect to it
  2. Tracking down slow queries and making sure they are running fast enough
  3. Increasing the pool_size (although this increases resource consumption)
  4. Allowing requests to wait longer by increasing :queue_target and :queue_interval

See DBConnection.start_link/2 for more information
","8"
"checkout_overload","pooled","1","8","4","write","pool","","[] connection not available and request was dropped from queue after 5ms. This means requests are coming in and your connection pool cannot serve them fast enough. You can address this by:

  1. Ensuring your database is available and that you can connect to it
  2. Tracking down slow queries and making sure they are running fast enough
  3. Increasing the pool_size (although this increases resource consumption)
  4. Allowing requests to wait longer by increasing :queue_target and :queue_interval

See DBConnection.start_link/2 for more information
","5"
"checkout_overload","pooled","1","8","4","read","pool","","[] connection not available and request was dropped from queue after 20ms. This means requests are coming in and your connection pool cannot serve them fast enough. You can address this by:

  1. Ensuring your database is available and that you can connect to it
  2. Tracking down slow queries and making sure they are running fast enough
  3. Increasing the pool_size (although this increases resource consumption)
  4. Allowing requests to wait longer by increasing :queue_target and :queue_interval

See DBConnection.start_link/2 for more information
","13"
"checkout_overload","pooled","1","8","4","read","pool","","[] connection not available and request was dropped from queue after 21ms. This means requests are coming in and your connection pool cannot serve them fast enough. You can address this by:

  1. Ensuring your database is available and that you can connect to it
  2. Tracking down slow queries and making sure they are running fast enough
  3. Increasing the pool_size (although this increases resource consumption)
  4. Allowing requests to wait longer by increasing :queue_target and :queue_interval

See DBConnection.start_link/2 for more information
","3"
"checkout_overload","pooled","1","8","4","read","pool","","[] connection not available and request was dropped from queue after 22ms. This means requests are coming in and your connection pool cannot serve them fast enough. You can address this by:

  1. Ensuring your database is available and that you can connect to it
  2. Tracking down slow queries and making sure they are running fast enough
  3. Increasing the pool_size (although this increases resource consumption)
  4. Allowing requests to wait longer by increasing :queue_target and :queue_interval

See DBConnection.start_link/2 for more information
","4"
"checkout_overload","pooled","1","8","4","read","pool","","[] connection not available and request was dropped from queue after 25ms. This means requests are coming in and your connection pool cannot serve them fast enough. You can address this by:

  1. Ensuring your database is available and that you can connect to it
  2. Tracking down slow queries and making sure they are running fast enough
  3. Increasing the pool_size (although this increases resource consumption)
  4. Allowing requests to wait longer by increasing :queue_target and :queue_interval

See DBConnection.start_link/2 for more information
","8"
"checkout_overload","pooled","1","8","4","read","pool","","[] connection not available and request was dropped from queue after 26ms. This means requests are coming in and your connection pool cannot serve them fast enough. You can address this by:

  1. Ensuring your database is available and that you can connect to it
  2. Tracking down slow queries and making sure they are running fast enough
  3. Increasing the pool_size (although this increases resource consumption)
  4. Allowing requests to wait longer by increasing :queue_target and :queue_interval

See DBConnection.start_link/2 for more information
","4"
"checkout_overload","pooled","1","8","4","read","pool","","[] connection not available and request was dropped from queue after 27ms. This means requests are coming in and your connection pool cannot serve them fast enough. You can address this by:

  1. Ensuring your database is available and that you can connect to it
  2. Tracking down slow queries and making sure they are running fast enough
  3. Increasing the pool_size (although this increases resource consumption)
  4. Allowing requests to wait longer by increasing :queue_target and :queue_interval

See DBConnection.start_link/2 for more information
","9"
"checkout_overload","pooled","1","8","4","read","pool","","[] connection not available and request was dropped from queue after 29ms. This means requests are coming in and your connection pool cannot serve them fast enough. You can address this by:

  1. Ensuring your database is available and that you can connect to it
  2. Tracking down slow queries and making sure they are running fast enough
  3. Increasing the pool_size (although this increases resource consumption)
  4. Allowing requests to wait longer by increasing :queue_target and :queue_interval

See DBConnection.start_link/2 for more information
","2"
"checkout_overload","pooled","1","8","4","read","pool","","[] connection not available and request was dropped from queue after 30ms. This means requests are coming in and your connection pool cannot serve them fast enough. You can address this by:

  1. Ensuring your database is available and that you can connect to it
  2. Tracking down slow queries and making sure they are running fast enough
  3. Increasing the pool_size (although this increases resource consumption)
  4. Allowing requests to wait longer by increasing :queue_target and :queue_interval

See DBConnection.start_link/2 for more information
","4"
"checkout_overload","pooled","1","8","4","read","pool","","[] connection not available and request was dropped from queue after 3ms. This means requests are coming in and your connection pool cannot serve them fast enough. You can address this by:

  1. Ensuring your database is available and that you can connect to it
  2. Tracking down slow queries and making sure they are running fast enough
  3. Increasing the pool_size (although this increases resource consumption)
  4. Allowing requests to wait longer by increasing :queue_target and :queue_interval

See DBConnection.start_link/2 for more information
","10"
"checkout_overload","pooled","1","8","4","read","pool","","[] connection not available and request was dropped from queue after 4ms. This means requests are coming in and your connection pool cannot serve them fast enough. You can address this by:

  1. Ensuring your database is available and that you can connect to it
  2. Tracking down slow queries and making sure they are running fast enough
  3. Increasing the pool_size (although this increases resource consumption)
  4. Allowing requests to wait longer by increasing :queue_target and :queue_interval

See DBConnection.start_link/2 for more information
","4"
"checkout_overload","pooled","1","8","4","read","pool","","[] connection not available and request was dropped from queue after 5ms. This means requests are coming in and your connection pool cannot serve them fast enough. You can address this by:

  1. Ensuring your database is available and that you can connect to it
  2. Tracking down slow queries and making sure they are running fast enough
  3. Increasing the pool_size (although this increases resource consumption)
  4. Allowing requests to wait longer by increasing :queue_target and :queue_interval

See DBConnection.start_link/2 for more information
","8"
"checkout_overload","single","1","8","4","write","pool","","[] connection not available and request was dropped from queue after 20ms. This means requests are coming in and your connection pool cannot serve them fast enough. You can address this by:

  1. Ensuring your database is available and that you can connect to it
  2. Tracking down slow queries and making sure they are running fast enough
  3. Increasing the pool_size (although this increases resource consumption)
  4. Allowing requests to wait longer by increasing :queue_target and :queue_interval

See DBConnection.start_link/2 for more information
","22"
"checkout_overload","single","1","8","4","write","pool","","[] connection not available and request was dropped from queue after 21ms. This means requests are coming in and your connection pool cannot serve them fast enough. You can address this by:

  1. Ensuring your database is available and that you can connect to it
  2. Tracking down slow queries and making sure they are running fast enough
  3. Increasing the pool_size (although this increases resource consumption)
  4. Allowing requests to wait longer by increasing :queue_target and :queue_interval

See DBConnection.start_link/2 for more information
","1"
"checkout_overload","single","1","8","4","write","pool","","[] connection not available and request was dropped from queue after 22ms. This means requests are coming in and your connection pool cannot serve them fast enough. You can address this by:

  1. Ensuring your database is available and that you can connect to it
  2. Tracking down slow queries and making sure they are running fast enough
  3. Increasing the pool_size (although this increases resource consumption)
  4. Allowing requests to wait longer by increasing :queue_target and :queue_interval

See DBConnection.start_link/2 for more information
","1"
"checkout_overload","single","1","8","4","write","pool","","[] connection not available and request was dropped from queue after 25ms. This means requests are coming in and your connection pool cannot serve them fast enough. You can address this by:

  1. Ensuring your database is available and that you can connect to it
  2. Tracking down slow queries and making sure they are running fast enough
  3. Increasing the pool_size (although this increases resource consumption)
  4. Allowing requests to wait longer by increasing :queue_target and :queue_interval

See DBConnection.start_link/2 for more information
","7"
"checkout_overload","single","1","8","4","write","pool","","[] connection not available and request was dropped from queue after 26ms. This means requests are coming in and your connection pool cannot serve them fast enough. You can address this by:

  1. Ensuring your database is available and that you can connect to it
  2. Tracking down slow queries and making sure they are running fast enough
  3. Increasing the pool_size (although this increases resource consumption)
  4. Allowing requests to wait longer by increasing :queue_target and :queue_interval

See DBConnection.start_link/2 for more information
","7"
"checkout_overload","single","1","8","4","write","pool","","[] connection not available and request was dropped from queue after 27ms. This means requests are coming in and your connection pool cannot serve them fast enough. You can address this by:

  1. Ensuring your database is available and that you can connect to it
  2. Tracking down slow queries and making sure they are running fast enough
  3. Increasing the pool_size (although this increases resource consumption)
  4. Allowing requests to wait longer by increasing :queue_target and :queue_interval

See DBConnection.start_link/2 for more information
","6"
"checkout_overload","single","1","8","4","write","pool","","[] connection not available and request was dropped from queue after 29ms. This means requests are coming in and your connection pool cannot serve them fast enough. You can address this by:

  1. Ensuring your database is available and that you can connect to it
  2. Tracking down slow queries and making sure they are running fast enough
  3. Increasing the pool_size (although this increases resource consumption)
  4. Allowing requests to wait longer by increasing :queue_target and :queue_interval

See DBConnection.start_link/2 for more information
","7"
"checkout_overload","single","1","8","4","write","pool","","[] connection not available and request was dropped from queue after 30ms. This means requests are coming in and your connection pool cannot serve them fast enough. You can address this by:

  1. Ensuring your database is available and that you can connect to it
  2. Tracking down slow queries and making sure they are running fast enough
  3. Increasing the pool_size (although this increases resource consumption)
  4. Allowing requests to wait longer by increasing :queue_target and :queue_interval

See DBConnection.start_link/2 for more information
","10"
"checkout_overload","single","1","8","4","write","pool","","[] connection not available and request was dropped from queue after 3ms. This means requests are coming in and your connection pool cannot serve them fast enough. You can address this by:

  1. Ensuring your database is available and that you can connect to it
  2. Tracking down slow queries and making sure they are running fast enough
  3. Increasing the pool_size (although this increases resource consumption)
  4. Allowing requests to wait longer by increasing :queue_target and :queue_interval

See DBConnection.start_link/2 for more information
","10"
"checkout_overload","single","1","8","4","write","pool","","[] connection not available and request was dropped from queue after 4ms. This means requests are coming in and your connection pool cannot serve them fast enough. You can address this by:

  1. Ensuring your database is available and that you can connect to it
  2. Tracking down slow queries and making sure they are running fast enough
  3. Increasing the pool_size (although this increases resource consumption)
  4. Allowing requests to wait longer by increasing :queue_target and :queue_interval

See DBConnection.start_link/2 for more information
","8"
"checkout_overload","single","1","8","4","write","pool","","[] connection not available and request was dropped from queue after 5ms. This means requests are coming in and your connection pool cannot serve them fast enough. You can address this by:

  1. Ensuring your database is available and that you can connect to it
  2. Tracking down slow queries and making sure they are running fast enough
  3. Increasing the pool_size (although this increases resource consumption)
  4. Allowing requests to wait longer by increasing :queue_target and :queue_interval

See DBConnection.start_link/2 for more information
","7"
"checkout_overload","single","1","8","4","read","pool","","[] connection not available and request was dropped from queue after 20ms. This means requests are coming in and your connection pool cannot serve them fast enough. You can address this by:

  1. Ensuring your database is available and that you can connect to it
  2. Tracking down slow queries and making sure they are running fast enough
  3. Increasing the pool_size (although this increases resource consumption)
  4. Allowing requests to wait longer by increasing :queue_target and :queue_interval

See DBConnection.start_link/2 for more information
","16"
"checkout_overload","single","1","8","4","read","pool","","[] connection not available and request was dropped from queue after 25ms. This means requests are coming in and your connection pool cannot serve them fast enough. You can address this by:

  1. Ensuring your database is available and that you can connect to it
  2. Tracking down slow queries and making sure they are running fast enough
  3. Increasing the pool_size (although this increases resource consumption)
  4. Allowing requests to wait longer by increasing :queue_target and :queue_interval

See DBConnection.start_link/2 for more information
","4"
"checkout_overload","single","1","8","4","read","pool","","[] connection not available and request was dropped from queue after 26ms. This means requests are coming in and your connection pool cannot serve them fast enough. You can address this by:

  1. Ensuring your database is available and that you can connect to it
  2. Tracking down slow queries and making sure they are running fast enough
  3. Increasing the pool_size (although this increases resource consumption)
  4. Allowing requests to wait longer by increasing :queue_target and :queue_interval

See DBConnection.start_link/2 for more information
","4"
"checkout_overload","single","1","8","4","read","pool","","[] connection not available and request was dropped from queue after 27ms. This means requests are coming in and your connection pool cannot serve them fast enough. You can address this by:

  1. Ensuring your database is available and that you can connect to it
  2. Tracking down slow queries and making sure they are running fast enough
  3. Increasing the pool_size (although this increases resource consumption)
  4. Allowing requests to wait longer by increasing :queue_target and :queue_interval

See DBConnection.start_link/2 for more information
","4"
"checkout_overload","single","1","8","4","read","pool","","[] connection not available and request was dropped from queue after 29ms. This means requests are coming in and your connection pool cannot serve them fast enough. You can address this by:

  1. Ensuring your database is available and that you can connect to it
  2. Tracking down slow queries and making sure they are running fast enough
  3. Increasing the pool_size (although this increases resource consumption)
  4. Allowing requests to wait longer by increasing :queue_target and :queue_interval

See DBConnection.start_link/2 for more information
","4"
"checkout_overload","single","1","8","4","read","pool","","[] connection not available and request was dropped from queue after 30ms. This means requests are coming in and your connection pool cannot serve them fast enough. You can address this by:

  1. Ensuring your database is available and that you can connect to it
  2. Tracking down slow queries and making sure they are running fast enough
  3. Increasing the pool_size (although this increases resource consumption)
  4. Allowing requests to wait longer by increasing :queue_target and :queue_interval

See DBConnection.start_link/2 for more information
","4"
"checkout_overload","single","1","8","4","read","pool","","[] connection not available and request was dropped from queue after 3ms. This means requests are coming in and your connection pool cannot serve them fast enough. You can address this by:

  1. Ensuring your database is available and that you can connect to it
  2. Tracking down slow queries and making sure they are running fast enough
  3. Increasing the pool_size (although this increases resource consumption)
  4. Allowing requests to wait longer by increasing :queue_target and :queue_interval

See DBConnection.start_link/2 for more information
","8"
"checkout_overload","single","1","8","4","read","pool","","[] connection not available and request was dropped from queue after 4ms. This means requests are coming in and your connection pool cannot serve them fast enough. You can address this by:

  1. Ensuring your database is available and that you can connect to it
  2. Tracking down slow queries and making sure they are running fast enough
  3. Increasing the pool_size (although this increases resource consumption)
  4. Allowing requests to wait longer by increasing :queue_target and :queue_interval

See DBConnection.start_link/2 for more information
","8"
"checkout_overload","single","1","8","4","read","pool","","[] connection not available and request was dropped from queue after 5ms. This means requests are coming in and your connection pool cannot serve them fast enough. You can address this by:

  1. Ensuring your database is available and that you can connect to it
  2. Tracking down slow queries and making sure they are running fast enough
  3. Increasing the pool_size (although this increases resource consumption)
  4. Allowing requests to wait longer by increasing :queue_target and :queue_interval

See DBConnection.start_link/2 for more information
","4"
"checkout_overload","single","2","8","4","write","pool","","[] connection not available and request was dropped from queue after 18ms. This means requests are coming in and your connection pool cannot serve them fast enough. You can address this by:

  1. Ensuring your database is available and that you can connect to it
  2. Tracking down slow queries and making sure they are running fast enough
  3. Increasing the pool_size (although this increases resource consumption)
  4. Allowing requests to wait longer by increasing :queue_target and :queue_interval

See DBConnection.start_link/2 for more information
","1"
"checkout_overload","single","2","8","4","write","pool","","[] connection not available and request was dropped from queue after 20ms. This means requests are coming in and your connection pool cannot serve them fast enough. You can address this by:

  1. Ensuring your database is available and that you can connect to it
  2. Tracking down slow queries and making sure they are running fast enough
  3. Increasing the pool_size (although this increases resource consumption)
  4. Allowing requests to wait longer by increasing :queue_target and :queue_interval

See DBConnection.start_link/2 for more information
","24"
"checkout_overload","single","2","8","4","write","pool","","[] connection not available and request was dropped from queue after 21ms. This means requests are coming in and your connection pool cannot serve them fast enough. You can address this by:

  1. Ensuring your database is available and that you can connect to it
  2. Tracking down slow queries and making sure they are running fast enough
  3. Increasing the pool_size (although this increases resource consumption)
  4. Allowing requests to wait longer by increasing :queue_target and :queue_interval

See DBConnection.start_link/2 for more information
","1"
"checkout_overload","single","2","8","4","write","pool","","[] connection not available and request was dropped from queue after 22ms. This means requests are coming in and your connection pool cannot serve them fast enough. You can address this by:

  1. Ensuring your database is available and that you can connect to it
  2. Tracking down slow queries and making sure they are running fast enough
  3. Increasing the pool_size (although this increases resource consumption)
  4. Allowing requests to wait longer by increasing :queue_target and :queue_interval

See DBConnection.start_link/2 for more information
","3"
"checkout_overload","single","2","8","4","write","pool","","[] connection not available and request was dropped from queue after 25ms. This means requests are coming in and your connection pool cannot serve them fast enough. You can address this by:

  1. Ensuring your database is available and that you can connect to it
  2. Tracking down slow queries and making sure they are running fast enough
  3. Increasing the pool_size (although this increases resource consumption)
  4. Allowing requests to wait longer by increasing :queue_target and :queue_interval

See DBConnection.start_link/2 for more information
","13"
"checkout_overload","single","2","8","4","write","pool","","[] connection not available and request was dropped from queue after 26ms. This means requests are coming in and your connection pool cannot serve them fast enough. You can address this by:

  1. Ensuring your database is available and that you can connect to it
  2. Tracking down slow queries and making sure they are running fast enough
  3. Increasing the pool_size (although this increases resource consumption)
  4. Allowing requests to wait longer by increasing :queue_target and :queue_interval

See DBConnection.start_link/2 for more information
","1"
"checkout_overload","single","2","8","4","write","pool","","[] connection not available and request was dropped from queue after 27ms. This means requests are coming in and your connection pool cannot serve them fast enough. You can address this by:

  1. Ensuring your database is available and that you can connect to it
  2. Tracking down slow queries and making sure they are running fast enough
  3. Increasing the pool_size (although this increases resource consumption)
  4. Allowing requests to wait longer by increasing :queue_target and :queue_interval

See DBConnection.start_link/2 for more information
","6"
"checkout_overload","single","2","8","4","write","pool","","[] connection not available and request was dropped from queue after 29ms. This means requests are coming in and your connection pool cannot serve them fast enough. You can address this by:

  1. Ensuring your database is available and that you can connect to it
  2. Tracking down slow queries and making sure they are running fast enough
  3. Increasing the pool_size (although this increases resource consumption)
  4. Allowing requests to wait longer by increasing :queue_target and :queue_interval

See DBConnection.start_link/2 for more information
","7"
"checkout_overload","single","2","8","4","write","pool","","[] connection not available and request was dropped from queue after 30ms. This means requests are coming in and your connection pool cannot serve them fast enough. You can address this by:

  1. Ensuring your database is available and that you can connect to it
  2. Tracking down slow queries and making sure they are running fast enough
  3. Increasing the pool_size (although this increases resource consumption)
  4. Allowing requests to wait longer by increasing :queue_target and :queue_interval

See DBConnection.start_link/2 for more information
","5"
"checkout_overload","single","2","8","4","write","pool","","[] connection not available and request was dropped from queue after 3ms. This means requests are coming in and your connection pool cannot serve them fast enough. You can address this by:

  1. Ensuring your database is available and that you can connect to it
  2. Tracking down slow queries and making sure they are running fast enough
  3. Increasing the pool_size (although this increases resource consumption)
  4. Allowing requests to wait longer by increasing :queue_target and :queue_interval

See DBConnection.start_link/2 for more information
","8"
"checkout_overload","single","2","8","4","write","pool","","[] connection not available and request was dropped from queue after 4ms. This means requests are coming in and your connection pool cannot serve them fast enough. You can address this by:

  1. Ensuring your database is available and that you can connect to it
  2. Tracking down slow queries and making sure they are running fast enough
  3. Increasing the pool_size (although this increases resource consumption)
  4. Allowing requests to wait longer by increasing :queue_target and :queue_interval

See DBConnection.start_link/2 for more information
","7"
"checkout_overload","single","2","8","4","write","pool","","[] connection not available and request was dropped from queue after 5ms. This means requests are coming in and your connection pool cannot serve them fast enough. You can address this by:

  1. Ensuring your database is available and that you can connect to it
  2. Tracking down slow queries and making sure they are running fast enough
  3. Increasing the pool_size (although this increases resource consumption)
  4. Allowing requests to wait longer by increasing :queue_target and :queue_interval

See DBConnection.start_link/2 for more information
","7"
"checkout_overload","single","2","8","4","write","pool","","[] connection not available and request was dropped from queue after 8ms. This means requests are coming in and your connection pool cannot serve them fast enough. You can address this by:

  1. Ensuring your database is available and that you can connect to it
  2. Tracking down slow queries and making sure they are running fast enough
  3. Increasing the pool_size (although this increases resource consumption)
  4. Allowing requests to wait longer by increasing :queue_target and :queue_interval

See DBConnection.start_link/2 for more information
","2"
"checkout_overload","single","2","8","4","read","pool","","[] connection not available and request was dropped from queue after 20ms. This means requests are coming in and your connection pool cannot serve them fast enough. You can address this by:

  1. Ensuring your database is available and that you can connect to it
  2. Tracking down slow queries and making sure they are running fast enough
  3. Increasing the pool_size (although this increases resource consumption)
  4. Allowing requests to wait longer by increasing :queue_target and :queue_interval

See DBConnection.start_link/2 for more information
","16"
"checkout_overload","single","2","8","4","read","pool","","[] connection not available and request was dropped from queue after 22ms. This means requests are coming in and your connection pool cannot serve them fast enough. You can address this by:

  1. Ensuring your database is available and that you can connect to it
  2. Tracking down slow queries and making sure they are running fast enough
  3. Increasing the pool_size (although this increases resource consumption)
  4. Allowing requests to wait longer by increasing :queue_target and :queue_interval

See DBConnection.start_link/2 for more information
","4"
"checkout_overload","single","2","8","4","read","pool","","[] connection not available and request was dropped from queue after 25ms. This means requests are coming in and your connection pool cannot serve them fast enough. You can address this by:

  1. Ensuring your database is available and that you can connect to it
  2. Tracking down slow queries and making sure they are running fast enough
  3. Increasing the pool_size (although this increases resource consumption)
  4. Allowing requests to wait longer by increasing :queue_target and :queue_interval

See DBConnection.start_link/2 for more information
","7"
"checkout_overload","single","2","8","4","read","pool","","[] connection not available and request was dropped from queue after 26ms. This means requests are coming in and your connection pool cannot serve them fast enough. You can address this by:

  1. Ensuring your database is available and that you can connect to it
  2. Tracking down slow queries and making sure they are running fast enough
  3. Increasing the pool_size (although this increases resource consumption)
  4. Allowing requests to wait longer by increasing :queue_target and :queue_interval

See DBConnection.start_link/2 for more information
","5"
"checkout_overload","single","2","8","4","read","pool","","[] connection not available and request was dropped from queue after 27ms. This means requests are coming in and your connection pool cannot serve them fast enough. You can address this by:

  1. Ensuring your database is available and that you can connect to it
  2. Tracking down slow queries and making sure they are running fast enough
  3. Increasing the pool_size (although this increases resource consumption)
  4. Allowing requests to wait longer by increasing :queue_target and :queue_interval

See DBConnection.start_link/2 for more information
","4"
"checkout_overload","single","2","8","4","read","pool","","[] connection not available and request was dropped from queue after 29ms. This means requests are coming in and your connection pool cannot serve them fast enough. You can address this by:

  1. Ensuring your database is available and that you can connect to it
  2. Tracking down slow queries and making sure they are running fast enough
  3. Increasing the pool_size (although this increases resource consumption)
  4. Allowing requests to wait longer by increasing :queue_target and :queue_interval

See DBConnection.start_link/2 for more information
","4"
"checkout_overload","single","2","8","4","read","pool","","[] connection not available and request was dropped from queue after 3ms. This means requests are coming in and your connection pool cannot serve them fast enough. You can address this by:

  1. Ensuring your database is available and that you can connect to it
  2. Tracking down slow queries and making sure they are running fast enough
  3. Increasing the pool_size (although this increases resource consumption)
  4. Allowing requests to wait longer by increasing :queue_target and :queue_interval

See DBConnection.start_link/2 for more information
","8"
"checkout_overload","single","2","8","4","read","pool","","[] connection not available and request was dropped from queue after 4ms. This means requests are coming in and your connection pool cannot serve them fast enough. You can address this by:

  1. Ensuring your database is available and that you can connect to it
  2. Tracking down slow queries and making sure they are running fast enough
  3. Increasing the pool_size (although this increases resource consumption)
  4. Allowing requests to wait longer by increasing :queue_target and :queue_interval

See DBConnection.start_link/2 for more information
","8"
"checkout_overload","single","2","8","4","read","pool","","[] connection not available and request was dropped from queue after 5ms. This means requests are coming in and your connection pool cannot serve them fast enough. You can address this by:

  1. Ensuring your database is available and that you can connect to it
  2. Tracking down slow queries and making sure they are running fast enough
  3. Increasing the pool_size (although this increases resource consumption)
  4. Allowing requests to wait longer by increasing :queue_target and :queue_interval

See DBConnection.start_link/2 for more information
","4"
"checkout_overload","single","2","8","4","read","pool","","[] connection not available and request was dropped from queue after 8ms. This means requests are coming in and your connection pool cannot serve them fast enough. You can address this by:

  1. Ensuring your database is available and that you can connect to it
  2. Tracking down slow queries and making sure they are running fast enough
  3. Increasing the pool_size (although this increases resource consumption)
  4. Allowing requests to wait longer by increasing :queue_target and :queue_interval

See DBConnection.start_link/2 for more information
","4"
"checkout_overload","pooled","2","8","4","write","pool","","[] connection not available and request was dropped from queue after 14ms. This means requests are coming in and your connection pool cannot serve them fast enough. You can address this by:

  1. Ensuring your database is available and that you can connect to it
  2. Tracking down slow queries and making sure they are running fast enough
  3. Increasing the pool_size (although this increases resource consumption)
  4. Allowing requests to wait longer by increasing :queue_target and :queue_interval

See DBConnection.start_link/2 for more information
","1"
"checkout_overload","pooled","2","8","4","write","pool","","[] connection not available and request was dropped from queue after 18ms. This means requests are coming in and your connection pool cannot serve them fast enough. You can address this by:

  1. Ensuring your database is available and that you can connect to it
  2. Tracking down slow queries and making sure they are running fast enough
  3. Increasing the pool_size (although this increases resource consumption)
  4. Allowing requests to wait longer by increasing :queue_target and :queue_interval

See DBConnection.start_link/2 for more information
","2"
"checkout_overload","pooled","2","8","4","write","pool","","[] connection not available and request was dropped from queue after 20ms. This means requests are coming in and your connection pool cannot serve them fast enough. You can address this by:

  1. Ensuring your database is available and that you can connect to it
  2. Tracking down slow queries and making sure they are running fast enough
  3. Increasing the pool_size (although this increases resource consumption)
  4. Allowing requests to wait longer by increasing :queue_target and :queue_interval

See DBConnection.start_link/2 for more information
","4"
"checkout_overload","pooled","2","8","4","write","pool","","[] connection not available and request was dropped from queue after 22ms. This means requests are coming in and your connection pool cannot serve them fast enough. You can address this by:

  1. Ensuring your database is available and that you can connect to it
  2. Tracking down slow queries and making sure they are running fast enough
  3. Increasing the pool_size (although this increases resource consumption)
  4. Allowing requests to wait longer by increasing :queue_target and :queue_interval

See DBConnection.start_link/2 for more information
","4"
"checkout_overload","pooled","2","8","4","write","pool","","[] connection not available and request was dropped from queue after 26ms. This means requests are coming in and your connection pool cannot serve them fast enough. You can address this by:

  1. Ensuring your database is available and that you can connect to it
  2. Tracking down slow queries and making sure they are running fast enough
  3. Increasing the pool_size (although this increases resource consumption)
  4. Allowing requests to wait longer by increasing :queue_target and :queue_interval

See DBConnection.start_link/2 for more information
","3"
"checkout_overload","pooled","2","8","4","write","pool","","[] connection not available and request was dropped from queue after 27ms. This means requests are coming in and your connection pool cannot serve them fast enough. You can address this by:

  1. Ensuring your database is available and that you can connect to it
  2. Tracking down slow queries and making sure they are running fast enough
  3. Increasing the pool_size (although this increases resource consumption)
  4. Allowing requests to wait longer by increasing :queue_target and :queue_interval

See DBConnection.start_link/2 for more information
","3"
"checkout_overload","pooled","2","8","4","write","pool","","[] connection not available and request was dropped from queue after 29ms. This means requests are coming in and your connection pool cannot serve them fast enough. You can address this by:

  1. Ensuring your database is available and that you can connect to it
  2. Tracking down slow queries and making sure they are running fast enough
  3. Increasing the pool_size (although this increases resource consumption)
  4. Allowing requests to wait longer by increasing :queue_target and :queue_interval

See DBConnection.start_link/2 for more information
","2"
"checkout_overload","pooled","2","8","4","write","pool","","[] connection not available and request was dropped from queue after 30ms. This means requests are coming in and your connection pool cannot serve them fast enough. You can address this by:

  1. Ensuring your database is available and that you can connect to it
  2. Tracking down slow queries and making sure they are running fast enough
  3. Increasing the pool_size (although this increases resource consumption)
  4. Allowing requests to wait longer by increasing :queue_target and :queue_interval

See DBConnection.start_link/2 for more information
","4"
"checkout_overload","pooled","2","8","4","write","pool","","[] connection not available and request was dropped from queue after 3ms. This means requests are coming in and your connection pool cannot serve them fast enough. You can address this by:

  1. Ensuring your database is available and that you can connect to it
  2. Tracking down slow queries and making sure they are running fast enough
  3. Increasing the pool_size (although this increases resource consumption)
  4. Allowing requests to wait longer by increasing :queue_target and :queue_interval

See DBConnection.start_link/2 for more information
","4"
"checkout_overload","pooled","2","8","4","write","pool","","[] connection not available and request was dropped from queue after 40ms. This means requests are coming in and your connection pool cannot serve them fast enough. You can address this by:

  1. Ensuring your database is available and that you can connect to it
  2. Tracking down slow queries and making sure they are running fast enough
  3. Increasing the pool_size (although this increases resource consumption)
  4. Allowing requests to wait longer by increasing :queue_target and :queue_interval

See DBConnection.start_link/2 for more information
","2"
"checkout_overload","pooled","2","8","4","write","pool","","[] connection not available and request was dropped from queue after 4ms. This means requests are coming in and your connection pool cannot serve them fast enough. You can address this by:

  1. Ensuring your database is available and that you can connect to it
  2. Tracking down slow queries and making sure they are running fast enough
  3. Increasing the pool_size (although this increases resource consumption)
  4. Allowing requests to wait longer by increasing :queue_target and :queue_interval

See DBConnection.start_link/2 for more information
","5"
"checkout_overload","pooled","2","8","4","write","pool","","[] connection not available and request was dropped from queue after 8ms. This means requests are coming in and your connection pool cannot serve them fast enough. You can address this by:

  1. Ensuring your database is available and that you can connect to it
  2. Tracking down slow queries and making sure they are running fast enough
  3. Increasing the pool_size (although this increases resource consumption)
  4. Allowing requests to wait longer by increasing :queue_target and :queue_interval

See DBConnection.start_link/2 for more information
","4"
"checkout_overload","pooled","2","8","4","read","pool","","[] connection not available and request was dropped from queue after 14ms. This means requests are coming in and your connection pool cannot serve them fast enough. You can address this by:

  1. Ensuring your database is available and that you can connect to it
  2. Tracking down slow queries and making sure they are running fast enough
  3. Increasing the pool_size (although this increases resource consumption)
  4. Allowing requests to wait longer by increasing :queue_target and :queue_interval

See DBConnection.start_link/2 for more information
","3"
"checkout_overload","pooled","2","8","4","read","pool","","[] connection not available and request was dropped from queue after 18ms. This means requests are coming in and your connection pool cannot serve them fast enough. You can address this by:

  1. Ensuring your database is available and that you can connect to it
  2. Tracking down slow queries and making sure they are running fast enough
  3. Increasing the pool_size (although this increases resource consumption)
  4. Allowing requests to wait longer by increasing :queue_target and :queue_interval

See DBConnection.start_link/2 for more information
","3"
"checkout_overload","pooled","2","8","4","read","pool","","[] connection not available and request was dropped from queue after 20ms. This means requests are coming in and your connection pool cannot serve them fast enough. You can address this by:

  1. Ensuring your database is available and that you can connect to it
  2. Tracking down slow queries and making sure they are running fast enough
  3. Increasing the pool_size (although this increases resource consumption)
  4. Allowing requests to wait longer by increasing :queue_target and :queue_interval

See DBConnection.start_link/2 for more information
","9"
"checkout_overload","pooled","2","8","4","read","pool","","[] connection not available and request was dropped from queue after 22ms. This means requests are coming in and your connection pool cannot serve them fast enough. You can address this by:

  1. Ensuring your database is available and that you can connect to it
  2. Tracking down slow queries and making sure they are running fast enough
  3. Increasing the pool_size (although this increases resource consumption)
  4. Allowing requests to wait longer by increasing :queue_target and :queue_interval

See DBConnection.start_link/2 for more information
","8"
"checkout_overload","pooled","2","8","4","read","pool","","[] connection not available and request was dropped from queue after 26ms. This means requests are coming in and your connection pool cannot serve them fast enough. You can address this by:

  1. Ensuring your database is available and that you can connect to it
  2. Tracking down slow queries and making sure they are running fast enough
  3. Increasing the pool_size (although this increases resource consumption)
  4. Allowing requests to wait longer by increasing :queue_target and :queue_interval

See DBConnection.start_link/2 for more information
","4"
"checkout_overload","pooled","2","8","4","read","pool","","[] connection not available and request was dropped from queue after 29ms. This means requests are coming in and your connection pool cannot serve them fast enough. You can address this by:

  1. Ensuring your database is available and that you can connect to it
  2. Tracking down slow queries and making sure they are running fast enough
  3. Increasing the pool_size (although this increases resource consumption)
  4. Allowing requests to wait longer by increasing :queue_target and :queue_interval

See DBConnection.start_link/2 for more information
","4"
"checkout_overload","pooled","2","8","4","read","pool","","[] connection not available and request was dropped from queue after 30ms. This means requests are coming in and your connection pool cannot serve them fast enough. You can address this by:

  1. Ensuring your database is available and that you can connect to it
  2. Tracking down slow queries and making sure they are running fast enough
  3. Increasing the pool_size (although this increases resource consumption)
  4. Allowing requests to wait longer by increasing :queue_target and :queue_interval

See DBConnection.start_link/2 for more information
","7"
"checkout_overload","pooled","2","8","4","read","pool","","[] connection not available and request was dropped from queue after 3ms. This means requests are coming in and your connection pool cannot serve them fast enough. You can address this by:

  1. Ensuring your database is available and that you can connect to it
  2. Tracking down slow queries and making sure they are running fast enough
  3. Increasing the pool_size (although this increases resource consumption)
  4. Allowing requests to wait longer by increasing :queue_target and :queue_interval

See DBConnection.start_link/2 for more information
","4"
"checkout_overload","pooled","2","8","4","read","pool","","[] connection not available and request was dropped from queue after 40ms. This means requests are coming in and your connection pool cannot serve them fast enough. You can address this by:

  1. Ensuring your database is available and that you can connect to it
  2. Tracking down slow queries and making sure they are running fast enough
  3. Increasing the pool_size (although this increases resource consumption)
  4. Allowing requests to wait longer by increasing :queue_target and :queue_interval

See DBConnection.start_link/2 for more information
","1"
"checkout_overload","pooled","2","8","4","read","pool","","[] connection not available and request was dropped from queue after 4ms. This means requests are coming in and your connection pool cannot serve them fast enough. You can address this by:

  1. Ensuring your database is available and that you can connect to it
  2. Tracking down slow queries and making sure they are running fast enough
  3. Increasing the pool_size (although this increases resource consumption)
  4. Allowing requests to wait longer by increasing :queue_target and :queue_interval

See DBConnection.start_link/2 for more information
","9"
"checkout_overload","pooled","2","8","4","read","pool","","[] connection not available and request was dropped from queue after 8ms. This means requests are coming in and your connection pool cannot serve them fast enough. You can address this by:

  1. Ensuring your database is available and that you can connect to it
  2. Tracking down slow queries and making sure they are running fast enough
  3. Increasing the pool_size (although this increases resource consumption)
  4. Allowing requests to wait longer by increasing :queue_target and :queue_interval

See DBConnection.start_link/2 for more information
","8"
"checkout_overload","pooled","1","32","0","write","pool","","[] connection not available and request was dropped from queue after 18ms. This means requests are coming in and your connection pool cannot serve them fast enough. You can address this by:

  1. Ensuring your database is available and that you can connect to it
  2. Tracking down slow queries and making sure they are running fast enough
  3. Increasing the pool_size (although this increases resource consumption)
  4. Allowing requests to wait longer by increasing :queue_target and :queue_interval

See DBConnection.start_link/2 for more information
","1"
"checkout_overload","pooled","1","32","0","write","pool","","[] connection not available and request was dropped from queue after 20ms. This means requests are coming in and your connection pool cannot serve them fast enough. You can address this by:

  1. Ensuring your database is available and that you can connect to it
  2. Tracking down slow queries and making sure they are running fast enough
  3. Increasing the pool_size (although this increases resource consumption)
  4. Allowing requests to wait longer by increasing :queue_target and :queue_interval

See DBConnection.start_link/2 for more information
","82"
"checkout_overload","pooled","1","32","0","write","pool","","[] connection not available and request was dropped from queue after 22ms. This means requests are coming in and your connection pool cannot serve them fast enough. You can address this by:

  1. Ensuring your database is available and that you can connect to it
  2. Tracking down slow queries and making sure they are running fast enough
  3. Increasing the pool_size (although this increases resource consumption)
  4. Allowing requests to wait longer by increasing :queue_target and :queue_interval

See DBConnection.start_link/2 for more information
","28"
"checkout_overload","pooled","1","32","0","write","pool","","[] connection not available and request was dropped from queue after 26ms. This means requests are coming in and your connection pool cannot serve them fast enough. You can address this by:

  1. Ensuring your database is available and that you can connect to it
  2. Tracking down slow queries and making sure they are running fast enough
  3. Increasing the pool_size (although this increases resource consumption)
  4. Allowing requests to wait longer by increasing :queue_target and :queue_interval

See DBConnection.start_link/2 for more information
","54"
"checkout_overload","pooled","1","32","0","write","pool","","[] connection not available and request was dropped from queue after 28ms. This means requests are coming in and your connection pool cannot serve them fast enough. You can address this by:

  1. Ensuring your database is available and that you can connect to it
  2. Tracking down slow queries and making sure they are running fast enough
  3. Increasing the pool_size (although this increases resource consumption)
  4. Allowing requests to wait longer by increasing :queue_target and :queue_interval

See DBConnection.start_link/2 for more information
","19"
"checkout_overload","pooled","1","32","0","write","pool","","[] connection not available and request was dropped from queue after 29ms. This means requests are coming in and your connection pool cannot serve them fast enough. You can address this by:

  1. Ensuring your database is available and that you can connect to it
  2. Tracking down slow queries and making sure they are running fast enough
  3. Increasing the pool_size (although this increases resource consumption)
  4. Allowing requests to wait longer by increasing :queue_target and :queue_interval

See DBConnection.start_link/2 for more information
","7"
"checkout_overload","pooled","1","32","0","write","pool","","[] connection not available and request was dropped from queue after 30ms. This means requests are coming in and your connection pool cannot serve them fast enough. You can address this by:

  1. Ensuring your database is available and that you can connect to it
  2. Tracking down slow queries and making sure they are running fast enough
  3. Increasing the pool_size (although this increases resource consumption)
  4. Allowing requests to wait longer by increasing :queue_target and :queue_interval

See DBConnection.start_link/2 for more information
","51"
"checkout_overload","pooled","1","32","0","write","pool","","[] connection not available and request was dropped from queue after 4ms. This means requests are coming in and your connection pool cannot serve them fast enough. You can address this by:

  1. Ensuring your database is available and that you can connect to it
  2. Tracking down slow queries and making sure they are running fast enough
  3. Increasing the pool_size (although this increases resource consumption)
  4. Allowing requests to wait longer by increasing :queue_target and :queue_interval

See DBConnection.start_link/2 for more information
","55"
"checkout_overload","pooled","1","32","0","write","pool","","[] connection not available and request was dropped from queue after 8ms. This means requests are coming in and your connection pool cannot serve them fast enough. You can address this by:

  1. Ensuring your database is available and that you can connect to it
  2. Tracking down slow queries and making sure they are running fast enough
  3. Increasing the pool_size (although this increases resource consumption)
  4. Allowing requests to wait longer by increasing :queue_target and :queue_interval

See DBConnection.start_link/2 for more information
","27"
"checkout_overload","single","1","32","0","write","pool","","[] connection not available and request was dropped from queue after 12ms. This means requests are coming in and your connection pool cannot serve them fast enough. You can address this by:

  1. Ensuring your database is available and that you can connect to it
  2. Tracking down slow queries and making sure they are running fast enough
  3. Increasing the pool_size (although this increases resource consumption)
  4. Allowing requests to wait longer by increasing :queue_target and :queue_interval

See DBConnection.start_link/2 for more information
","1"
"checkout_overload","single","1","32","0","write","pool","","[] connection not available and request was dropped from queue after 15ms. This means requests are coming in and your connection pool cannot serve them fast enough. You can address this by:

  1. Ensuring your database is available and that you can connect to it
  2. Tracking down slow queries and making sure they are running fast enough
  3. Increasing the pool_size (although this increases resource consumption)
  4. Allowing requests to wait longer by increasing :queue_target and :queue_interval

See DBConnection.start_link/2 for more information
","1"
"checkout_overload","single","1","32","0","write","pool","","[] connection not available and request was dropped from queue after 18ms. This means requests are coming in and your connection pool cannot serve them fast enough. You can address this by:

  1. Ensuring your database is available and that you can connect to it
  2. Tracking down slow queries and making sure they are running fast enough
  3. Increasing the pool_size (although this increases resource consumption)
  4. Allowing requests to wait longer by increasing :queue_target and :queue_interval

See DBConnection.start_link/2 for more information
","1"
"checkout_overload","single","1","32","0","write","pool","","[] connection not available and request was dropped from queue after 19ms. This means requests are coming in and your connection pool cannot serve them fast enough. You can address this by:

  1. Ensuring your database is available and that you can connect to it
  2. Tracking down slow queries and making sure they are running fast enough
  3. Increasing the pool_size (although this increases resource consumption)
  4. Allowing requests to wait longer by increasing :queue_target and :queue_interval

See DBConnection.start_link/2 for more information
","1"
"checkout_overload","single","1","32","0","write","pool","","[] connection not available and request was dropped from queue after 20ms. This means requests are coming in and your connection pool cannot serve them fast enough. You can address this by:

  1. Ensuring your database is available and that you can connect to it
  2. Tracking down slow queries and making sure they are running fast enough
  3. Increasing the pool_size (although this increases resource consumption)
  4. Allowing requests to wait longer by increasing :queue_target and :queue_interval

See DBConnection.start_link/2 for more information
","60"
"checkout_overload","single","1","32","0","write","pool","","[] connection not available and request was dropped from queue after 21ms. This means requests are coming in and your connection pool cannot serve them fast enough. You can address this by:

  1. Ensuring your database is available and that you can connect to it
  2. Tracking down slow queries and making sure they are running fast enough
  3. Increasing the pool_size (although this increases resource consumption)
  4. Allowing requests to wait longer by increasing :queue_target and :queue_interval

See DBConnection.start_link/2 for more information
","1"
"checkout_overload","single","1","32","0","write","pool","","[] connection not available and request was dropped from queue after 22ms. This means requests are coming in and your connection pool cannot serve them fast enough. You can address this by:

  1. Ensuring your database is available and that you can connect to it
  2. Tracking down slow queries and making sure they are running fast enough
  3. Increasing the pool_size (although this increases resource consumption)
  4. Allowing requests to wait longer by increasing :queue_target and :queue_interval

See DBConnection.start_link/2 for more information
","2"
"checkout_overload","single","1","32","0","write","pool","","[] connection not available and request was dropped from queue after 23ms. This means requests are coming in and your connection pool cannot serve them fast enough. You can address this by:

  1. Ensuring your database is available and that you can connect to it
  2. Tracking down slow queries and making sure they are running fast enough
  3. Increasing the pool_size (although this increases resource consumption)
  4. Allowing requests to wait longer by increasing :queue_target and :queue_interval

See DBConnection.start_link/2 for more information
","31"
"checkout_overload","single","1","32","0","write","pool","","[] connection not available and request was dropped from queue after 25ms. This means requests are coming in and your connection pool cannot serve them fast enough. You can address this by:

  1. Ensuring your database is available and that you can connect to it
  2. Tracking down slow queries and making sure they are running fast enough
  3. Increasing the pool_size (although this increases resource consumption)
  4. Allowing requests to wait longer by increasing :queue_target and :queue_interval

See DBConnection.start_link/2 for more information
","31"
"checkout_overload","single","1","32","0","write","pool","","[] connection not available and request was dropped from queue after 27ms. This means requests are coming in and your connection pool cannot serve them fast enough. You can address this by:

  1. Ensuring your database is available and that you can connect to it
  2. Tracking down slow queries and making sure they are running fast enough
  3. Increasing the pool_size (although this increases resource consumption)
  4. Allowing requests to wait longer by increasing :queue_target and :queue_interval

See DBConnection.start_link/2 for more information
","30"
"checkout_overload","single","1","32","0","write","pool","","[] connection not available and request was dropped from queue after 30ms. This means requests are coming in and your connection pool cannot serve them fast enough. You can address this by:

  1. Ensuring your database is available and that you can connect to it
  2. Tracking down slow queries and making sure they are running fast enough
  3. Increasing the pool_size (although this increases resource consumption)
  4. Allowing requests to wait longer by increasing :queue_target and :queue_interval

See DBConnection.start_link/2 for more information
","60"
"checkout_overload","single","1","32","0","write","pool","","[] connection not available and request was dropped from queue after 38ms. This means requests are coming in and your connection pool cannot serve them fast enough. You can address this by:

  1. Ensuring your database is available and that you can connect to it
  2. Tracking down slow queries and making sure they are running fast enough
  3. Increasing the pool_size (although this increases resource consumption)
  4. Allowing requests to wait longer by increasing :queue_target and :queue_interval

See DBConnection.start_link/2 for more information
","30"
"checkout_overload","single","1","32","0","write","pool","","[] connection not available and request was dropped from queue after 3ms. This means requests are coming in and your connection pool cannot serve them fast enough. You can address this by:

  1. Ensuring your database is available and that you can connect to it
  2. Tracking down slow queries and making sure they are running fast enough
  3. Increasing the pool_size (although this increases resource consumption)
  4. Allowing requests to wait longer by increasing :queue_target and :queue_interval

See DBConnection.start_link/2 for more information
","31"
"checkout_overload","single","1","32","0","write","pool","","[] connection not available and request was dropped from queue after 4ms. This means requests are coming in and your connection pool cannot serve them fast enough. You can address this by:

  1. Ensuring your database is available and that you can connect to it
  2. Tracking down slow queries and making sure they are running fast enough
  3. Increasing the pool_size (although this increases resource consumption)
  4. Allowing requests to wait longer by increasing :queue_target and :queue_interval

See DBConnection.start_link/2 for more information
","2"
"checkout_overload","single","1","32","0","write","pool","","[] connection not available and request was dropped from queue after 5ms. This means requests are coming in and your connection pool cannot serve them fast enough. You can address this by:

  1. Ensuring your database is available and that you can connect to it
  2. Tracking down slow queries and making sure they are running fast enough
  3. Increasing the pool_size (although this increases resource consumption)
  4. Allowing requests to wait longer by increasing :queue_target and :queue_interval

See DBConnection.start_link/2 for more information
","31"
"checkout_overload","single","1","32","0","write","pool","","[] connection not available and request was dropped from queue after 7ms. This means requests are coming in and your connection pool cannot serve them fast enough. You can address this by:

  1. Ensuring your database is available and that you can connect to it
  2. Tracking down slow queries and making sure they are running fast enough
  3. Increasing the pool_size (although this increases resource consumption)
  4. Allowing requests to wait longer by increasing :queue_target and :queue_interval

See DBConnection.start_link/2 for more information
","31"
"checkout_overload","single","1","32","0","write","pool","","[] connection not available and request was dropped from queue after 8ms. This means requests are coming in and your connection pool cannot serve them fast enough. You can address this by:

  1. Ensuring your database is available and that you can connect to it
  2. Tracking down slow queries and making sure they are running fast enough
  3. Increasing the pool_size (although this increases resource consumption)
  4. Allowing requests to wait longer by increasing :queue_target and :queue_interval

See DBConnection.start_link/2 for more information
","30"
"checkout_overload","single","2","32","0","write","pool","","[] connection not available and request was dropped from queue after 18ms. This means requests are coming in and your connection pool cannot serve them fast enough. You can address this by:

  1. Ensuring your database is available and that you can connect to it
  2. Tracking down slow queries and making sure they are running fast enough
  3. Increasing the pool_size (although this increases resource consumption)
  4. Allowing requests to wait longer by increasing :queue_target and :queue_interval

See DBConnection.start_link/2 for more information
","2"
"checkout_overload","single","2","32","0","write","pool","","[] connection not available and request was dropped from queue after 20ms. This means requests are coming in and your connection pool cannot serve them fast enough. You can address this by:

  1. Ensuring your database is available and that you can connect to it
  2. Tracking down slow queries and making sure they are running fast enough
  3. Increasing the pool_size (although this increases resource consumption)
  4. Allowing requests to wait longer by increasing :queue_target and :queue_interval

See DBConnection.start_link/2 for more information
","122"
"checkout_overload","single","2","32","0","write","pool","","[] connection not available and request was dropped from queue after 22ms. This means requests are coming in and your connection pool cannot serve them fast enough. You can address this by:

  1. Ensuring your database is available and that you can connect to it
  2. Tracking down slow queries and making sure they are running fast enough
  3. Increasing the pool_size (although this increases resource consumption)
  4. Allowing requests to wait longer by increasing :queue_target and :queue_interval

See DBConnection.start_link/2 for more information
","34"
"checkout_overload","single","2","32","0","write","pool","","[] connection not available and request was dropped from queue after 26ms. This means requests are coming in and your connection pool cannot serve them fast enough. You can address this by:

  1. Ensuring your database is available and that you can connect to it
  2. Tracking down slow queries and making sure they are running fast enough
  3. Increasing the pool_size (although this increases resource consumption)
  4. Allowing requests to wait longer by increasing :queue_target and :queue_interval

See DBConnection.start_link/2 for more information
","31"
"checkout_overload","single","2","32","0","write","pool","","[] connection not available and request was dropped from queue after 27ms. This means requests are coming in and your connection pool cannot serve them fast enough. You can address this by:

  1. Ensuring your database is available and that you can connect to it
  2. Tracking down slow queries and making sure they are running fast enough
  3. Increasing the pool_size (although this increases resource consumption)
  4. Allowing requests to wait longer by increasing :queue_target and :queue_interval

See DBConnection.start_link/2 for more information
","31"
"checkout_overload","single","2","32","0","write","pool","","[] connection not available and request was dropped from queue after 30ms. This means requests are coming in and your connection pool cannot serve them fast enough. You can address this by:

  1. Ensuring your database is available and that you can connect to it
  2. Tracking down slow queries and making sure they are running fast enough
  3. Increasing the pool_size (although this increases resource consumption)
  4. Allowing requests to wait longer by increasing :queue_target and :queue_interval

See DBConnection.start_link/2 for more information
","60"
"checkout_overload","single","2","32","0","write","pool","","[] connection not available and request was dropped from queue after 4ms. This means requests are coming in and your connection pool cannot serve them fast enough. You can address this by:

  1. Ensuring your database is available and that you can connect to it
  2. Tracking down slow queries and making sure they are running fast enough
  3. Increasing the pool_size (although this increases resource consumption)
  4. Allowing requests to wait longer by increasing :queue_target and :queue_interval

See DBConnection.start_link/2 for more information
","34"
"checkout_overload","single","2","32","0","write","pool","","[] connection not available and request was dropped from queue after 8ms. This means requests are coming in and your connection pool cannot serve them fast enough. You can address this by:

  1. Ensuring your database is available and that you can connect to it
  2. Tracking down slow queries and making sure they are running fast enough
  3. Increasing the pool_size (although this increases resource consumption)
  4. Allowing requests to wait longer by increasing :queue_target and :queue_interval

See DBConnection.start_link/2 for more information
","60"
"checkout_overload","pooled","2","32","0","write","pool","","[] connection not available and request was dropped from queue after 20ms. This means requests are coming in and your connection pool cannot serve them fast enough. You can address this by:

  1. Ensuring your database is available and that you can connect to it
  2. Tracking down slow queries and making sure they are running fast enough
  3. Increasing the pool_size (although this increases resource consumption)
  4. Allowing requests to wait longer by increasing :queue_target and :queue_interval

See DBConnection.start_link/2 for more information
","82"
"checkout_overload","pooled","2","32","0","write","pool","","[] connection not available and request was dropped from queue after 21ms. This means requests are coming in and your connection pool cannot serve them fast enough. You can address this by:

  1. Ensuring your database is available and that you can connect to it
  2. Tracking down slow queries and making sure they are running fast enough
  3. Increasing the pool_size (although this increases resource consumption)
  4. Allowing requests to wait longer by increasing :queue_target and :queue_interval

See DBConnection.start_link/2 for more information
","2"
"checkout_overload","pooled","2","32","0","write","pool","","[] connection not available and request was dropped from queue after 25ms. This means requests are coming in and your connection pool cannot serve them fast enough. You can address this by:

  1. Ensuring your database is available and that you can connect to it
  2. Tracking down slow queries and making sure they are running fast enough
  3. Increasing the pool_size (although this increases resource consumption)
  4. Allowing requests to wait longer by increasing :queue_target and :queue_interval

See DBConnection.start_link/2 for more information
","54"
"checkout_overload","pooled","2","32","0","write","pool","","[] connection not available and request was dropped from queue after 27ms. This means requests are coming in and your connection pool cannot serve them fast enough. You can address this by:

  1. Ensuring your database is available and that you can connect to it
  2. Tracking down slow queries and making sure they are running fast enough
  3. Increasing the pool_size (although this increases resource consumption)
  4. Allowing requests to wait longer by increasing :queue_target and :queue_interval

See DBConnection.start_link/2 for more information
","26"
"checkout_overload","pooled","2","32","0","write","pool","","[] connection not available and request was dropped from queue after 28ms. This means requests are coming in and your connection pool cannot serve them fast enough. You can address this by:

  1. Ensuring your database is available and that you can connect to it
  2. Tracking down slow queries and making sure they are running fast enough
  3. Increasing the pool_size (although this increases resource consumption)
  4. Allowing requests to wait longer by increasing :queue_target and :queue_interval

See DBConnection.start_link/2 for more information
","26"
"checkout_overload","pooled","2","32","0","write","pool","","[] connection not available and request was dropped from queue after 29ms. This means requests are coming in and your connection pool cannot serve them fast enough. You can address this by:

  1. Ensuring your database is available and that you can connect to it
  2. Tracking down slow queries and making sure they are running fast enough
  3. Increasing the pool_size (although this increases resource consumption)
  4. Allowing requests to wait longer by increasing :queue_target and :queue_interval

See DBConnection.start_link/2 for more information
","2"
"checkout_overload","pooled","2","32","0","write","pool","","[] connection not available and request was dropped from queue after 30ms. This means requests are coming in and your connection pool cannot serve them fast enough. You can address this by:

  1. Ensuring your database is available and that you can connect to it
  2. Tracking down slow queries and making sure they are running fast enough
  3. Increasing the pool_size (although this increases resource consumption)
  4. Allowing requests to wait longer by increasing :queue_target and :queue_interval

See DBConnection.start_link/2 for more information
","49"
"checkout_overload","pooled","2","32","0","write","pool","","[] connection not available and request was dropped from queue after 3ms. This means requests are coming in and your connection pool cannot serve them fast enough. You can address this by:

  1. Ensuring your database is available and that you can connect to it
  2. Tracking down slow queries and making sure they are running fast enough
  3. Increasing the pool_size (although this increases resource consumption)
  4. Allowing requests to wait longer by increasing :queue_target and :queue_interval

See DBConnection.start_link/2 for more information
","31"
"checkout_overload","pooled","2","32","0","write","pool","","[] connection not available and request was dropped from queue after 5ms. This means requests are coming in and your connection pool cannot serve them fast enough. You can address this by:

  1. Ensuring your database is available and that you can connect to it
  2. Tracking down slow queries and making sure they are running fast enough
  3. Increasing the pool_size (although this increases resource consumption)
  4. Allowing requests to wait longer by increasing :queue_target and :queue_interval

See DBConnection.start_link/2 for more information
","54"
"checkout_overload","pooled","1","32","4","write","pool","","[] connection not available and request was dropped from queue after 20ms. This means requests are coming in and your connection pool cannot serve them fast enough. You can address this by:

  1. Ensuring your database is available and that you can connect to it
  2. Tracking down slow queries and making sure they are running fast enough
  3. Increasing the pool_size (although this increases resource consumption)
  4. Allowing requests to wait longer by increasing :queue_target and :queue_interval

See DBConnection.start_link/2 for more information
","82"
"checkout_overload","pooled","1","32","4","write","pool","","[] connection not available and request was dropped from queue after 21ms. This means requests are coming in and your connection pool cannot serve them fast enough. You can address this by:

  1. Ensuring your database is available and that you can connect to it
  2. Tracking down slow queries and making sure they are running fast enough
  3. Increasing the pool_size (although this increases resource consumption)
  4. Allowing requests to wait longer by increasing :queue_target and :queue_interval

See DBConnection.start_link/2 for more information
","1"
"checkout_overload","pooled","1","32","4","write","pool","","[] connection not available and request was dropped from queue after 22ms. This means requests are coming in and your connection pool cannot serve them fast enough. You can address this by:

  1. Ensuring your database is available and that you can connect to it
  2. Tracking down slow queries and making sure they are running fast enough
  3. Increasing the pool_size (although this increases resource consumption)
  4. Allowing requests to wait longer by increasing :queue_target and :queue_interval

See DBConnection.start_link/2 for more information
","1"
"checkout_overload","pooled","1","32","4","write","pool","","[] connection not available and request was dropped from queue after 25ms. This means requests are coming in and your connection pool cannot serve them fast enough. You can address this by:

  1. Ensuring your database is available and that you can connect to it
  2. Tracking down slow queries and making sure they are running fast enough
  3. Increasing the pool_size (although this increases resource consumption)
  4. Allowing requests to wait longer by increasing :queue_target and :queue_interval

See DBConnection.start_link/2 for more information
","54"
"checkout_overload","pooled","1","32","4","write","pool","","[] connection not available and request was dropped from queue after 27ms. This means requests are coming in and your connection pool cannot serve them fast enough. You can address this by:

  1. Ensuring your database is available and that you can connect to it
  2. Tracking down slow queries and making sure they are running fast enough
  3. Increasing the pool_size (although this increases resource consumption)
  4. Allowing requests to wait longer by increasing :queue_target and :queue_interval

See DBConnection.start_link/2 for more information
","26"
"checkout_overload","pooled","1","32","4","write","pool","","[] connection not available and request was dropped from queue after 29ms. This means requests are coming in and your connection pool cannot serve them fast enough. You can address this by:

  1. Ensuring your database is available and that you can connect to it
  2. Tracking down slow queries and making sure they are running fast enough
  3. Increasing the pool_size (although this increases resource consumption)
  4. Allowing requests to wait longer by increasing :queue_target and :queue_interval

See DBConnection.start_link/2 for more information
","28"
"checkout_overload","pooled","1","32","4","write","pool","","[] connection not available and request was dropped from queue after 30ms. This means requests are coming in and your connection pool cannot serve them fast enough. You can address this by:

  1. Ensuring your database is available and that you can connect to it
  2. Tracking down slow queries and making sure they are running fast enough
  3. Increasing the pool_size (although this increases resource consumption)
  4. Allowing requests to wait longer by increasing :queue_target and :queue_interval

See DBConnection.start_link/2 for more information
","49"
"checkout_overload","pooled","1","32","4","write","pool","","[] connection not available and request was dropped from queue after 3ms. This means requests are coming in and your connection pool cannot serve them fast enough. You can address this by:

  1. Ensuring your database is available and that you can connect to it
  2. Tracking down slow queries and making sure they are running fast enough
  3. Increasing the pool_size (although this increases resource consumption)
  4. Allowing requests to wait longer by increasing :queue_target and :queue_interval

See DBConnection.start_link/2 for more information
","31"
"checkout_overload","pooled","1","32","4","write","pool","","[] connection not available and request was dropped from queue after 5ms. This means requests are coming in and your connection pool cannot serve them fast enough. You can address this by:

  1. Ensuring your database is available and that you can connect to it
  2. Tracking down slow queries and making sure they are running fast enough
  3. Increasing the pool_size (although this increases resource consumption)
  4. Allowing requests to wait longer by increasing :queue_target and :queue_interval

See DBConnection.start_link/2 for more information
","54"
"checkout_overload","pooled","1","32","4","read","pool","","[] connection not available and request was dropped from queue after 20ms. This means requests are coming in and your connection pool cannot serve them fast enough. You can address this by:

  1. Ensuring your database is available and that you can connect to it
  2. Tracking down slow queries and making sure they are running fast enough
  3. Increasing the pool_size (although this increases resource consumption)
  4. Allowing requests to wait longer by increasing :queue_target and :queue_interval

See DBConnection.start_link/2 for more information
","15"
"checkout_overload","pooled","1","32","4","read","pool","","[] connection not available and request was dropped from queue after 22ms. This means requests are coming in and your connection pool cannot serve them fast enough. You can address this by:

  1. Ensuring your database is available and that you can connect to it
  2. Tracking down slow queries and making sure they are running fast enough
  3. Increasing the pool_size (although this increases resource consumption)
  4. Allowing requests to wait longer by increasing :queue_target and :queue_interval

See DBConnection.start_link/2 for more information
","1"
"checkout_overload","pooled","1","32","4","read","pool","","[] connection not available and request was dropped from queue after 25ms. This means requests are coming in and your connection pool cannot serve them fast enough. You can address this by:

  1. Ensuring your database is available and that you can connect to it
  2. Tracking down slow queries and making sure they are running fast enough
  3. Increasing the pool_size (although this increases resource consumption)
  4. Allowing requests to wait longer by increasing :queue_target and :queue_interval

See DBConnection.start_link/2 for more information
","8"
"checkout_overload","pooled","1","32","4","read","pool","","[] connection not available and request was dropped from queue after 27ms. This means requests are coming in and your connection pool cannot serve them fast enough. You can address this by:

  1. Ensuring your database is available and that you can connect to it
  2. Tracking down slow queries and making sure they are running fast enough
  3. Increasing the pool_size (although this increases resource consumption)
  4. Allowing requests to wait longer by increasing :queue_target and :queue_interval

See DBConnection.start_link/2 for more information
","4"
"checkout_overload","pooled","1","32","4","read","pool","","[] connection not available and request was dropped from queue after 28ms. This means requests are coming in and your connection pool cannot serve them fast enough. You can address this by:

  1. Ensuring your database is available and that you can connect to it
  2. Tracking down slow queries and making sure they are running fast enough
  3. Increasing the pool_size (although this increases resource consumption)
  4. Allowing requests to wait longer by increasing :queue_target and :queue_interval

See DBConnection.start_link/2 for more information
","2"
"checkout_overload","pooled","1","32","4","read","pool","","[] connection not available and request was dropped from queue after 29ms. This means requests are coming in and your connection pool cannot serve them fast enough. You can address this by:

  1. Ensuring your database is available and that you can connect to it
  2. Tracking down slow queries and making sure they are running fast enough
  3. Increasing the pool_size (although this increases resource consumption)
  4. Allowing requests to wait longer by increasing :queue_target and :queue_interval

See DBConnection.start_link/2 for more information
","1"
"checkout_overload","pooled","1","32","4","read","pool","","[] connection not available and request was dropped from queue after 30ms. This means requests are coming in and your connection pool cannot serve them fast enough. You can address this by:

  1. Ensuring your database is available and that you can connect to it
  2. Tracking down slow queries and making sure they are running fast enough
  3. Increasing the pool_size (although this increases resource consumption)
  4. Allowing requests to wait longer by increasing :queue_target and :queue_interval

See DBConnection.start_link/2 for more information
","8"
"checkout_overload","pooled","1","32","4","read","pool","","[] connection not available and request was dropped from queue after 3ms. This means requests are coming in and your connection pool cannot serve them fast enough. You can address this by:

  1. Ensuring your database is available and that you can connect to it
  2. Tracking down slow queries and making sure they are running fast enough
  3. Increasing the pool_size (although this increases resource consumption)
  4. Allowing requests to wait longer by increasing :queue_target and :queue_interval

See DBConnection.start_link/2 for more information
","8"
"checkout_overload","pooled","1","32","4","read","pool","","[] connection not available and request was dropped from queue after 5ms. This means requests are coming in and your connection pool cannot serve them fast enough. You can address this by:

  1. Ensuring your database is available and that you can connect to it
  2. Tracking down slow queries and making sure they are running fast enough
  3. Increasing the pool_size (although this increases resource consumption)
  4. Allowing requests to wait longer by increasing :queue_target and :queue_interval

See DBConnection.start_link/2 for more information
","8"
"checkout_overload","single","1","32","4","write","pool","","[] connection not available and request was dropped from queue after 18ms. This means requests are coming in and your connection pool cannot serve them fast enough. You can address this by:

  1. Ensuring your database is available and that you can connect to it
  2. Tracking down slow queries and making sure they are running fast enough
  3. Increasing the pool_size (although this increases resource consumption)
  4. Allowing requests to wait longer by increasing :queue_target and :queue_interval

See DBConnection.start_link/2 for more information
","1"
"checkout_overload","single","1","32","4","write","pool","","[] connection not available and request was dropped from queue after 20ms. This means requests are coming in and your connection pool cannot serve them fast enough. You can address this by:

  1. Ensuring your database is available and that you can connect to it
  2. Tracking down slow queries and making sure they are running fast enough
  3. Increasing the pool_size (although this increases resource consumption)
  4. Allowing requests to wait longer by increasing :queue_target and :queue_interval

See DBConnection.start_link/2 for more information
","95"
"checkout_overload","single","1","32","4","write","pool","","[] connection not available and request was dropped from queue after 22ms. This means requests are coming in and your connection pool cannot serve them fast enough. You can address this by:

  1. Ensuring your database is available and that you can connect to it
  2. Tracking down slow queries and making sure they are running fast enough
  3. Increasing the pool_size (although this increases resource consumption)
  4. Allowing requests to wait longer by increasing :queue_target and :queue_interval

See DBConnection.start_link/2 for more information
","32"
"checkout_overload","single","1","32","4","write","pool","","[] connection not available and request was dropped from queue after 26ms. This means requests are coming in and your connection pool cannot serve them fast enough. You can address this by:

  1. Ensuring your database is available and that you can connect to it
  2. Tracking down slow queries and making sure they are running fast enough
  3. Increasing the pool_size (although this increases resource consumption)
  4. Allowing requests to wait longer by increasing :queue_target and :queue_interval

See DBConnection.start_link/2 for more information
","62"
"checkout_overload","single","1","32","4","write","pool","","[] connection not available and request was dropped from queue after 28ms. This means requests are coming in and your connection pool cannot serve them fast enough. You can address this by:

  1. Ensuring your database is available and that you can connect to it
  2. Tracking down slow queries and making sure they are running fast enough
  3. Increasing the pool_size (although this increases resource consumption)
  4. Allowing requests to wait longer by increasing :queue_target and :queue_interval

See DBConnection.start_link/2 for more information
","30"
"checkout_overload","single","1","32","4","write","pool","","[] connection not available and request was dropped from queue after 30ms. This means requests are coming in and your connection pool cannot serve them fast enough. You can address this by:

  1. Ensuring your database is available and that you can connect to it
  2. Tracking down slow queries and making sure they are running fast enough
  3. Increasing the pool_size (although this increases resource consumption)
  4. Allowing requests to wait longer by increasing :queue_target and :queue_interval

See DBConnection.start_link/2 for more information
","59"
"checkout_overload","single","1","32","4","write","pool","","[] connection not available and request was dropped from queue after 4ms. This means requests are coming in and your connection pool cannot serve them fast enough. You can address this by:

  1. Ensuring your database is available and that you can connect to it
  2. Tracking down slow queries and making sure they are running fast enough
  3. Increasing the pool_size (although this increases resource consumption)
  4. Allowing requests to wait longer by increasing :queue_target and :queue_interval

See DBConnection.start_link/2 for more information
","63"
"checkout_overload","single","1","32","4","write","pool","","[] connection not available and request was dropped from queue after 8ms. This means requests are coming in and your connection pool cannot serve them fast enough. You can address this by:

  1. Ensuring your database is available and that you can connect to it
  2. Tracking down slow queries and making sure they are running fast enough
  3. Increasing the pool_size (although this increases resource consumption)
  4. Allowing requests to wait longer by increasing :queue_target and :queue_interval

See DBConnection.start_link/2 for more information
","31"
"checkout_overload","single","1","32","4","read","pool","","[] connection not available and request was dropped from queue after 18ms. This means requests are coming in and your connection pool cannot serve them fast enough. You can address this by:

  1. Ensuring your database is available and that you can connect to it
  2. Tracking down slow queries and making sure they are running fast enough
  3. Increasing the pool_size (although this increases resource consumption)
  4. Allowing requests to wait longer by increasing :queue_target and :queue_interval

See DBConnection.start_link/2 for more information
","2"
"checkout_overload","single","1","32","4","read","pool","","[] connection not available and request was dropped from queue after 20ms. This means requests are coming in and your connection pool cannot serve them fast enough. You can address this by:

  1. Ensuring your database is available and that you can connect to it
  2. Tracking down slow queries and making sure they are running fast enough
  3. Increasing the pool_size (although this increases resource consumption)
  4. Allowing requests to wait longer by increasing :queue_target and :queue_interval

See DBConnection.start_link/2 for more information
","18"
"checkout_overload","single","1","32","4","read","pool","","[] connection not available and request was dropped from queue after 22ms. This means requests are coming in and your connection pool cannot serve them fast enough. You can address this by:

  1. Ensuring your database is available and that you can connect to it
  2. Tracking down slow queries and making sure they are running fast enough
  3. Increasing the pool_size (although this increases resource consumption)
  4. Allowing requests to wait longer by increasing :queue_target and :queue_interval

See DBConnection.start_link/2 for more information
","4"
"checkout_overload","single","1","32","4","read","pool","","[] connection not available and request was dropped from queue after 26ms. This means requests are coming in and your connection pool cannot serve them fast enough. You can address this by:

  1. Ensuring your database is available and that you can connect to it
  2. Tracking down slow queries and making sure they are running fast enough
  3. Increasing the pool_size (although this increases resource consumption)
  4. Allowing requests to wait longer by increasing :queue_target and :queue_interval

See DBConnection.start_link/2 for more information
","8"
"checkout_overload","single","1","32","4","read","pool","","[] connection not available and request was dropped from queue after 28ms. This means requests are coming in and your connection pool cannot serve them fast enough. You can address this by:

  1. Ensuring your database is available and that you can connect to it
  2. Tracking down slow queries and making sure they are running fast enough
  3. Increasing the pool_size (although this increases resource consumption)
  4. Allowing requests to wait longer by increasing :queue_target and :queue_interval

See DBConnection.start_link/2 for more information
","4"
"checkout_overload","single","1","32","4","read","pool","","[] connection not available and request was dropped from queue after 30ms. This means requests are coming in and your connection pool cannot serve them fast enough. You can address this by:

  1. Ensuring your database is available and that you can connect to it
  2. Tracking down slow queries and making sure they are running fast enough
  3. Increasing the pool_size (although this increases resource consumption)
  4. Allowing requests to wait longer by increasing :queue_target and :queue_interval

See DBConnection.start_link/2 for more information
","6"
"checkout_overload","single","1","32","4","read","pool","","[] connection not available and request was dropped from queue after 4ms. This means requests are coming in and your connection pool cannot serve them fast enough. You can address this by:

  1. Ensuring your database is available and that you can connect to it
  2. Tracking down slow queries and making sure they are running fast enough
  3. Increasing the pool_size (although this increases resource consumption)
  4. Allowing requests to wait longer by increasing :queue_target and :queue_interval

See DBConnection.start_link/2 for more information
","10"
"checkout_overload","single","1","32","4","read","pool","","[] connection not available and request was dropped from queue after 8ms. This means requests are coming in and your connection pool cannot serve them fast enough. You can address this by:

  1. Ensuring your database is available and that you can connect to it
  2. Tracking down slow queries and making sure they are running fast enough
  3. Increasing the pool_size (although this increases resource consumption)
  4. Allowing requests to wait longer by increasing :queue_target and :queue_interval

See DBConnection.start_link/2 for more information
","8"
"checkout_overload","single","2","32","4","write","pool","","[] connection not available and request was dropped from queue after 20ms. This means requests are coming in and your connection pool cannot serve them fast enough. You can address this by:

  1. Ensuring your database is available and that you can connect to it
  2. Tracking down slow queries and making sure they are running fast enough
  3. Increasing the pool_size (although this increases resource consumption)
  4. Allowing requests to wait longer by increasing :queue_target and :queue_interval

See DBConnection.start_link/2 for more information
","121"
"checkout_overload","single","2","32","4","write","pool","","[] connection not available and request was dropped from queue after 21ms. This means requests are coming in and your connection pool cannot serve them fast enough. You can address this by:

  1. Ensuring your database is available and that you can connect to it
  2. Tracking down slow queries and making sure they are running fast enough
  3. Increasing the pool_size (although this increases resource consumption)
  4. Allowing requests to wait longer by increasing :queue_target and :queue_interval

See DBConnection.start_link/2 for more information
","2"
"checkout_overload","single","2","32","4","write","pool","","[] connection not available and request was dropped from queue after 25ms. This means requests are coming in and your connection pool cannot serve them fast enough. You can address this by:

  1. Ensuring your database is available and that you can connect to it
  2. Tracking down slow queries and making sure they are running fast enough
  3. Increasing the pool_size (although this increases resource consumption)
  4. Allowing requests to wait longer by increasing :queue_target and :queue_interval

See DBConnection.start_link/2 for more information
","33"
"checkout_overload","single","2","32","4","write","pool","","[] connection not available and request was dropped from queue after 27ms. This means requests are coming in and your connection pool cannot serve them fast enough. You can address this by:

  1. Ensuring your database is available and that you can connect to it
  2. Tracking down slow queries and making sure they are running fast enough
  3. Increasing the pool_size (although this increases resource consumption)
  4. Allowing requests to wait longer by increasing :queue_target and :queue_interval

See DBConnection.start_link/2 for more information
","60"
"checkout_overload","single","2","32","4","write","pool","","[] connection not available and request was dropped from queue after 29ms. This means requests are coming in and your connection pool cannot serve them fast enough. You can address this by:

  1. Ensuring your database is available and that you can connect to it
  2. Tracking down slow queries and making sure they are running fast enough
  3. Increasing the pool_size (although this increases resource consumption)
  4. Allowing requests to wait longer by increasing :queue_target and :queue_interval

See DBConnection.start_link/2 for more information
","31"
"checkout_overload","single","2","32","4","write","pool","","[] connection not available and request was dropped from queue after 30ms. This means requests are coming in and your connection pool cannot serve them fast enough. You can address this by:

  1. Ensuring your database is available and that you can connect to it
  2. Tracking down slow queries and making sure they are running fast enough
  3. Increasing the pool_size (although this increases resource consumption)
  4. Allowing requests to wait longer by increasing :queue_target and :queue_interval

See DBConnection.start_link/2 for more information
","29"
"checkout_overload","single","2","32","4","write","pool","","[] connection not available and request was dropped from queue after 3ms. This means requests are coming in and your connection pool cannot serve them fast enough. You can address this by:

  1. Ensuring your database is available and that you can connect to it
  2. Tracking down slow queries and making sure they are running fast enough
  3. Increasing the pool_size (although this increases resource consumption)
  4. Allowing requests to wait longer by increasing :queue_target and :queue_interval

See DBConnection.start_link/2 for more information
","64"
"checkout_overload","single","2","32","4","write","pool","","[] connection not available and request was dropped from queue after 5ms. This means requests are coming in and your connection pool cannot serve them fast enough. You can address this by:

  1. Ensuring your database is available and that you can connect to it
  2. Tracking down slow queries and making sure they are running fast enough
  3. Increasing the pool_size (although this increases resource consumption)
  4. Allowing requests to wait longer by increasing :queue_target and :queue_interval

See DBConnection.start_link/2 for more information
","34"
"checkout_overload","single","2","32","4","read","pool","","[] connection not available and request was dropped from queue after 20ms. This means requests are coming in and your connection pool cannot serve them fast enough. You can address this by:

  1. Ensuring your database is available and that you can connect to it
  2. Tracking down slow queries and making sure they are running fast enough
  3. Increasing the pool_size (although this increases resource consumption)
  4. Allowing requests to wait longer by increasing :queue_target and :queue_interval

See DBConnection.start_link/2 for more information
","16"
"checkout_overload","single","2","32","4","read","pool","","[] connection not available and request was dropped from queue after 25ms. This means requests are coming in and your connection pool cannot serve them fast enough. You can address this by:

  1. Ensuring your database is available and that you can connect to it
  2. Tracking down slow queries and making sure they are running fast enough
  3. Increasing the pool_size (although this increases resource consumption)
  4. Allowing requests to wait longer by increasing :queue_target and :queue_interval

See DBConnection.start_link/2 for more information
","8"
"checkout_overload","single","2","32","4","read","pool","","[] connection not available and request was dropped from queue after 27ms. This means requests are coming in and your connection pool cannot serve them fast enough. You can address this by:

  1. Ensuring your database is available and that you can connect to it
  2. Tracking down slow queries and making sure they are running fast enough
  3. Increasing the pool_size (although this increases resource consumption)
  4. Allowing requests to wait longer by increasing :queue_target and :queue_interval

See DBConnection.start_link/2 for more information
","8"
"checkout_overload","single","2","32","4","read","pool","","[] connection not available and request was dropped from queue after 30ms. This means requests are coming in and your connection pool cannot serve them fast enough. You can address this by:

  1. Ensuring your database is available and that you can connect to it
  2. Tracking down slow queries and making sure they are running fast enough
  3. Increasing the pool_size (although this increases resource consumption)
  4. Allowing requests to wait longer by increasing :queue_target and :queue_interval

See DBConnection.start_link/2 for more information
","4"
"checkout_overload","single","2","32","4","read","pool","","[] connection not available and request was dropped from queue after 3ms. This means requests are coming in and your connection pool cannot serve them fast enough. You can address this by:

  1. Ensuring your database is available and that you can connect to it
  2. Tracking down slow queries and making sure they are running fast enough
  3. Increasing the pool_size (although this increases resource consumption)
  4. Allowing requests to wait longer by increasing :queue_target and :queue_interval

See DBConnection.start_link/2 for more information
","12"
"checkout_overload","single","2","32","4","read","pool","","[] connection not available and request was dropped from queue after 5ms. This means requests are coming in and your connection pool cannot serve them fast enough. You can address this by:

  1. Ensuring your database is available and that you can connect to it
  2. Tracking down slow queries and making sure they are running fast enough
  3. Increasing the pool_size (although this increases resource consumption)
  4. Allowing requests to wait longer by increasing :queue_target and :queue_interval

See DBConnection.start_link/2 for more information
","8"
"checkout_overload","pooled","2","32","4","write","pool","","[] connection not available and request was dropped from queue after 18ms. This means requests are coming in and your connection pool cannot serve them fast enough. You can address this by:

  1. Ensuring your database is available and that you can connect to it
  2. Tracking down slow queries and making sure they are running fast enough
  3. Increasing the pool_size (although this increases resource consumption)
  4. Allowing requests to wait longer by increasing :queue_target and :queue_interval

See DBConnection.start_link/2 for more information
","1"
"checkout_overload","pooled","2","32","4","write","pool","","[] connection not available and request was dropped from queue after 20ms. This means requests are coming in and your connection pool cannot serve them fast enough. You can address this by:

  1. Ensuring your database is available and that you can connect to it
  2. Tracking down slow queries and making sure they are running fast enough
  3. Increasing the pool_size (although this increases resource consumption)
  4. Allowing requests to wait longer by increasing :queue_target and :queue_interval

See DBConnection.start_link/2 for more information
","104"
"checkout_overload","pooled","2","32","4","write","pool","","[] connection not available and request was dropped from queue after 21ms. This means requests are coming in and your connection pool cannot serve them fast enough. You can address this by:

  1. Ensuring your database is available and that you can connect to it
  2. Tracking down slow queries and making sure they are running fast enough
  3. Increasing the pool_size (although this increases resource consumption)
  4. Allowing requests to wait longer by increasing :queue_target and :queue_interval

See DBConnection.start_link/2 for more information
","1"
"checkout_overload","pooled","2","32","4","write","pool","","[] connection not available and request was dropped from queue after 22ms. This means requests are coming in and your connection pool cannot serve them fast enough. You can address this by:

  1. Ensuring your database is available and that you can connect to it
  2. Tracking down slow queries and making sure they are running fast enough
  3. Increasing the pool_size (although this increases resource consumption)
  4. Allowing requests to wait longer by increasing :queue_target and :queue_interval

See DBConnection.start_link/2 for more information
","1"
"checkout_overload","pooled","2","32","4","write","pool","","[] connection not available and request was dropped from queue after 25ms. This means requests are coming in and your connection pool cannot serve them fast enough. You can address this by:

  1. Ensuring your database is available and that you can connect to it
  2. Tracking down slow queries and making sure they are running fast enough
  3. Increasing the pool_size (although this increases resource consumption)
  4. Allowing requests to wait longer by increasing :queue_target and :queue_interval

See DBConnection.start_link/2 for more information
","27"
"checkout_overload","pooled","2","32","4","write","pool","","[] connection not available and request was dropped from queue after 26ms. This means requests are coming in and your connection pool cannot serve them fast enough. You can address this by:

  1. Ensuring your database is available and that you can connect to it
  2. Tracking down slow queries and making sure they are running fast enough
  3. Increasing the pool_size (although this increases resource consumption)
  4. Allowing requests to wait longer by increasing :queue_target and :queue_interval

See DBConnection.start_link/2 for more information
","27"
"checkout_overload","pooled","2","32","4","write","pool","","[] connection not available and request was dropped from queue after 27ms. This means requests are coming in and your connection pool cannot serve them fast enough. You can address this by:

  1. Ensuring your database is available and that you can connect to it
  2. Tracking down slow queries and making sure they are running fast enough
  3. Increasing the pool_size (although this increases resource consumption)
  4. Allowing requests to wait longer by increasing :queue_target and :queue_interval

See DBConnection.start_link/2 for more information
","26"
"checkout_overload","pooled","2","32","4","write","pool","","[] connection not available and request was dropped from queue after 29ms. This means requests are coming in and your connection pool cannot serve them fast enough. You can address this by:

  1. Ensuring your database is available and that you can connect to it
  2. Tracking down slow queries and making sure they are running fast enough
  3. Increasing the pool_size (although this increases resource consumption)
  4. Allowing requests to wait longer by increasing :queue_target and :queue_interval

See DBConnection.start_link/2 for more information
","26"
"checkout_overload","pooled","2","32","4","write","pool","","[] connection not available and request was dropped from queue after 30ms. This means requests are coming in and your connection pool cannot serve them fast enough. You can address this by:

  1. Ensuring your database is available and that you can connect to it
  2. Tracking down slow queries and making sure they are running fast enough
  3. Increasing the pool_size (although this increases resource consumption)
  4. Allowing requests to wait longer by increasing :queue_target and :queue_interval

See DBConnection.start_link/2 for more information
","26"
"checkout_overload","pooled","2","32","4","write","pool","","[] connection not available and request was dropped from queue after 3ms. This means requests are coming in and your connection pool cannot serve them fast enough. You can address this by:

  1. Ensuring your database is available and that you can connect to it
  2. Tracking down slow queries and making sure they are running fast enough
  3. Increasing the pool_size (although this increases resource consumption)
  4. Allowing requests to wait longer by increasing :queue_target and :queue_interval

See DBConnection.start_link/2 for more information
","28"
"checkout_overload","pooled","2","32","4","write","pool","","[] connection not available and request was dropped from queue after 4ms. This means requests are coming in and your connection pool cannot serve them fast enough. You can address this by:

  1. Ensuring your database is available and that you can connect to it
  2. Tracking down slow queries and making sure they are running fast enough
  3. Increasing the pool_size (although this increases resource consumption)
  4. Allowing requests to wait longer by increasing :queue_target and :queue_interval

See DBConnection.start_link/2 for more information
","28"
"checkout_overload","pooled","2","32","4","write","pool","","[] connection not available and request was dropped from queue after 5ms. This means requests are coming in and your connection pool cannot serve them fast enough. You can address this by:

  1. Ensuring your database is available and that you can connect to it
  2. Tracking down slow queries and making sure they are running fast enough
  3. Increasing the pool_size (although this increases resource consumption)
  4. Allowing requests to wait longer by increasing :queue_target and :queue_interval

See DBConnection.start_link/2 for more information
","27"
"checkout_overload","pooled","2","32","4","write","pool","","[] connection not available and request was dropped from queue after 8ms. This means requests are coming in and your connection pool cannot serve them fast enough. You can address this by:

  1. Ensuring your database is available and that you can connect to it
  2. Tracking down slow queries and making sure they are running fast enough
  3. Increasing the pool_size (although this increases resource consumption)
  4. Allowing requests to wait longer by increasing :queue_target and :queue_interval

See DBConnection.start_link/2 for more information
","3"
"checkout_overload","pooled","2","32","4","read","pool","","[] connection not available and request was dropped from queue after 20ms. This means requests are coming in and your connection pool cannot serve them fast enough. You can address this by:

  1. Ensuring your database is available and that you can connect to it
  2. Tracking down slow queries and making sure they are running fast enough
  3. Increasing the pool_size (although this increases resource consumption)
  4. Allowing requests to wait longer by increasing :queue_target and :queue_interval

See DBConnection.start_link/2 for more information
","16"
"checkout_overload","pooled","2","32","4","read","pool","","[] connection not available and request was dropped from queue after 22ms. This means requests are coming in and your connection pool cannot serve them fast enough. You can address this by:

  1. Ensuring your database is available and that you can connect to it
  2. Tracking down slow queries and making sure they are running fast enough
  3. Increasing the pool_size (although this increases resource consumption)
  4. Allowing requests to wait longer by increasing :queue_target and :queue_interval

See DBConnection.start_link/2 for more information
","4"
"checkout_overload","pooled","2","32","4","read","pool","","[] connection not available and request was dropped from queue after 25ms. This means requests are coming in and your connection pool cannot serve them fast enough. You can address this by:

  1. Ensuring your database is available and that you can connect to it
  2. Tracking down slow queries and making sure they are running fast enough
  3. Increasing the pool_size (although this increases resource consumption)
  4. Allowing requests to wait longer by increasing :queue_target and :queue_interval

See DBConnection.start_link/2 for more information
","4"
"checkout_overload","pooled","2","32","4","read","pool","","[] connection not available and request was dropped from queue after 26ms. This means requests are coming in and your connection pool cannot serve them fast enough. You can address this by:

  1. Ensuring your database is available and that you can connect to it
  2. Tracking down slow queries and making sure they are running fast enough
  3. Increasing the pool_size (although this increases resource consumption)
  4. Allowing requests to wait longer by increasing :queue_target and :queue_interval

See DBConnection.start_link/2 for more information
","8"
"checkout_overload","pooled","2","32","4","read","pool","","[] connection not available and request was dropped from queue after 27ms. This means requests are coming in and your connection pool cannot serve them fast enough. You can address this by:

  1. Ensuring your database is available and that you can connect to it
  2. Tracking down slow queries and making sure they are running fast enough
  3. Increasing the pool_size (although this increases resource consumption)
  4. Allowing requests to wait longer by increasing :queue_target and :queue_interval

See DBConnection.start_link/2 for more information
","4"
"checkout_overload","pooled","2","32","4","read","pool","","[] connection not available and request was dropped from queue after 28ms. This means requests are coming in and your connection pool cannot serve them fast enough. You can address this by:

  1. Ensuring your database is available and that you can connect to it
  2. Tracking down slow queries and making sure they are running fast enough
  3. Increasing the pool_size (although this increases resource consumption)
  4. Allowing requests to wait longer by increasing :queue_target and :queue_interval

See DBConnection.start_link/2 for more information
","4"
"checkout_overload","pooled","2","32","4","read","pool","","[] connection not available and request was dropped from queue after 30ms. This means requests are coming in and your connection pool cannot serve them fast enough. You can address this by:

  1. Ensuring your database is available and that you can connect to it
  2. Tracking down slow queries and making sure they are running fast enough
  3. Increasing the pool_size (although this increases resource consumption)
  4. Allowing requests to wait longer by increasing :queue_target and :queue_interval

See DBConnection.start_link/2 for more information
","3"
"checkout_overload","pooled","2","32","4","read","pool","","[] connection not available and request was dropped from queue after 3ms. This means requests are coming in and your connection pool cannot serve them fast enough. You can address this by:

  1. Ensuring your database is available and that you can connect to it
  2. Tracking down slow queries and making sure they are running fast enough
  3. Increasing the pool_size (although this increases resource consumption)
  4. Allowing requests to wait longer by increasing :queue_target and :queue_interval

See DBConnection.start_link/2 for more information
","4"
"checkout_overload","pooled","2","32","4","read","pool","","[] connection not available and request was dropped from queue after 4ms. This means requests are coming in and your connection pool cannot serve them fast enough. You can address this by:

  1. Ensuring your database is available and that you can connect to it
  2. Tracking down slow queries and making sure they are running fast enough
  3. Increasing the pool_size (although this increases resource consumption)
  4. Allowing requests to wait longer by increasing :queue_target and :queue_interval

See DBConnection.start_link/2 for more information
","9"
"checkout_overload","pooled","2","32","4","read","pool","","[] connection not available and request was dropped from queue after 5ms. This means requests are coming in and your connection pool cannot serve them fast enough. You can address this by:

  1. Ensuring your database is available and that you can connect to it
  2. Tracking down slow queries and making sure they are running fast enough
  3. Increasing the pool_size (although this increases resource consumption)
  4. Allowing requests to wait longer by increasing :queue_target and :queue_interval

See DBConnection.start_link/2 for more information
","4"
"checkout_overload","pooled","2","32","4","read","pool","","[] connection not available and request was dropped from queue after 8ms. This means requests are coming in and your connection pool cannot serve them fast enough. You can address this by:

  1. Ensuring your database is available and that you can connect to it
  2. Tracking down slow queries and making sure they are running fast enough
  3. Increasing the pool_size (although this increases resource consumption)
  4. Allowing requests to wait longer by increasing :queue_target and :queue_interval

See DBConnection.start_link/2 for more information
","4"
